,PHOTO ARTICLE,REF ARTICLE,CATEGORIE,GENRE,PRIX UNITAIRE,POINTURE,COULEUR,PHASE,PRIX UPSEL 2,ECONOMISE UP 2,PRIX UPSEL 3,ECONOMISE UP 3,PRIX UPSEL 4,ECONOMISE UP 4,PRIX GROS,ECONOMISE GROS,PRIX REMISE 1,ECONOMISE  REMISE 1,PRIX REMISE 2,ECONOMISE  REMISE 2,PRIX REMISE 3,ECONOMISE  REMISE 3,PRIX REMISE 4,ECONOMISE  REMISE 4,PRIX LIQ 1,ECONOMISE  LIQ 1,NOM ARTICLE,TIGE,TALON,SEMELLE,PREMIERE DE MONTAGE,QTE EN STOCK
1,,SDL FEM YZ478,SANDALE,FEMME,"219,00DH",37---41,BEIGE,EN LIQUIDATION,"388,00DH","50,00DH","522,00DH","135,00DH","656,00DH","220,00DH","110,00DH","109,00DH","174,00DH","45,00DH","328,00DH","110,00DH","462,00DH","195,00DH","576,00DH","300,00DH","134,00DH","85,00DH",,,,,,
2,,CHAUSS FEM YZ455,CHAUSSURE,FEMME,"299,00DH",37---40,,EN TEST,,,,,,,,,,,,,,,,,,,,,,,,
3,,CHAUSS FEM YZ440,CHAUSSURE,FEMME,"299,00DH",37---40,,EN TEST,,,,,,,,,,,,,,,,,,,,,,,,
4,,CHAUSS FEM YZ445,CHAUSSURE,FEMME,"299,00DH",37---40,,EN TEST,,,,,,,,,,,,,,,,,,,,,,,,
5,,CHAUSS FEM YZ435,CHAUSSURE,FEMME,"299,00DH",37---40,,EN TEST,,,,,,,,,,,,,,,,,,,,,,,,
6,,CHAUSS FEM YZ44,CHAUSSURE,FEMME,"249,00DH",37---41,,EN TEST,,,,,,,,,,,,,,,,,,,,,,,,
7,,SAB FEM YZ24,SABOT,FEMME,"249,00DH",37-41,,,"418,00DH","80,00DH","597,00DH","150,00DH","756,00DH","240,00DH","140,00DH","109,00DH","199,00DH","50,00DH","378,00DH","120,00DH","537,00DH","210,00DH","676,00DH","320,00DH","159,00DH","90,00DH",,,,,,
8,,SAB FEM YZ25,SABOT,FEMME,"249,00DH",37-41,,,"418,00DH","80,00DH","597,00DH","150,00DH","756,00DH","240,00DH","140,00DH","109,00DH","199,00DH","50,00DH","378,00DH","120,00DH","537,00DH","210,00DH","676,00DH","320,00DH","159,00DH","90,00DH",,,,,,
9,,SAB FEM YZ27,SABOT,FEMME,"249,00DH",37-41,,,"418,00DH","80,00DH","597,00DH","150,00DH","756,00DH","240,00DH","140,00DH","109,00DH","199,00DH","50,00DH","378,00DH","120,00DH","537,00DH","210,00DH","676,00DH","320,00DH","159,00DH","90,00DH",,,,,,
10,,SAB FEM YZ64,SABOT,FEMME,"249,00DH",37---41,,,"418,00DH","80,00DH","597,00DH","150,00DH","756,00DH","240,00DH","140,00DH","109,00DH","199,00DH","50,00DH","378,00DH","120,00DH","537,00DH","210,00DH","676,00DH","320,00DH","159,00DH","90,00DH",,,,,,
11,,SAB FEM YZ901,SABOT,FEMME,"249,00DH",37---41,,,"418,00DH","80,00DH","597,00DH","150,00DH","756,00DH","240,00DH","140,00DH","109,00DH","199,00DH","50,00DH","378,00DH","120,00DH","537,00DH","210,00DH","676,00DH","320,00DH","159,00DH","90,00DH",,,,,,
12,,ESPA FEM YZ2030,ESPADRILLE,FEMME,,37---41,,EN LIQUIDATION,,,,,,,,,,,,,,,,,,,,,,,,
13,,SAB FEM YZ87,SABOT,FEMME,"249,00DH",37-41,,,"418,00DH","80,00DH","597,00DH","150,00DH","756,00DH","240,00DH","140,00DH","109,00DH","199,00DH","50,00DH","378,00DH","120,00DH","537,00DH","210,00DH","676,00DH","320,00DH","159,00DH","90,00DH",,,,,,
14,,SAB FEM YZ63,SABOT,FEMME,"249,00DH",37-40,,,"418,00DH","80,00DH","597,00DH","150,00DH","756,00DH","240,00DH","140,00DH","109,00DH","199,00DH","50,00DH","378,00DH","120,00DH","537,00DH","210,00DH","676,00DH","320,00DH","159,00DH","90,00DH",,,,,,
15,,SAB FEM YZ84,SANDALE,FEMME,"229,00DH",37---41,,,"398,00DH","60,00DH","537,00DH","150,00DH","676,00DH","240,00DH","120,00DH","109,00DH","179,00DH","50,00DH","338,00DH","120,00DH","477,00DH","210,00DH","596,00DH","320,00DH","139,00DH","90,00DH",,,,,,
16,,SAB FEM YZ45,SANDALE,FEMME,"249,00DH",37---41,,,"418,00DH","80,00DH","597,00DH","150,00DH","756,00DH","240,00DH","140,00DH","109,00DH","199,00DH","50,00DH","378,00DH","120,00DH","537,00DH","210,00DH","676,00DH","320,00DH","159,00DH","90,00DH",,,,,,
17,,SAB FEM YZ46,SABOT,FEMME,"249,00DH",37---41,,,"418,00DH","80,00DH","597,00DH","150,00DH","756,00DH","240,00DH","140,00DH","109,00DH","199,00DH","50,00DH","378,00DH","120,00DH","537,00DH","210,00DH","676,00DH","320,00DH","159,00DH","90,00DH",,,,,,
18,,SAB FEM YZ47,SABOT,FEMME,"249,00DH",37---41,,,"418,00DH","80,00DH","597,00DH","150,00DH","756,00DH","240,00DH","140,00DH","109,00DH","199,00DH","50,00DH","378,00DH","120,00DH","537,00DH","210,00DH","676,00DH","320,00DH","159,00DH","90,00DH",,,,,,
19,,SAB FEM YZ48,SABOT,FEMME,"249,00DH",37---41,,,"418,00DH","80,00DH","597,00DH","150,00DH","756,00DH","240,00DH","140,00DH","109,00DH","199,00DH","50,00DH","378,00DH","120,00DH","537,00DH","210,00DH","676,00DH","320,00DH","159,00DH","90,00DH",,,,,,
20,,SAB FEM YZ49,SABOT,FEMME,"249,00DH",37---41,,,"418,00DH","80,00DH","597,00DH","150,00DH","756,00DH","240,00DH","140,00DH","109,00DH","199,00DH","50,00DH","378,00DH","120,00DH","537,00DH","210,00DH","676,00DH","320,00DH","159,00DH","90,00DH",,,,,,
21,,CHAUSS FEM YZ375,CHAUSSURE,FEMME,"269,00DH",37---40,,,"458,00DH","80,00DH","657,00DH","150,00DH","836,00DH","240,00DH","160,00DH","109,00DH","219,00DH","50,00DH","418,00DH","120,00DH","597,00DH","210,00DH","756,00DH","320,00DH","179,00DH","90,00DH",,,,,,
22,,BOT FEM YZ3010,BOTTE,FEMME,"349,00DH",37---41,,,"618,00DH","80,00DH","897,00DH","150,00DH","1 156,00DH","240,00DH","240,00DH","109,00DH","299,00DH","50,00DH","578,00DH","120,00DH","837,00DH","210,00DH","1 076,00DH","320,00DH","249,00DH","100,00DH",,,,,,
23,,SAB FEM YZ80,SABOT,FEMME,"199,00DH",37---41,,,"350,00DH","48,00DH","477,00DH","120,00DH","596,00DH","200,00DH","100,00DH","99,00DH","169,00DH","30,00DH","328,00DH","70,00DH","417,00DH","180,00DH","516,00DH","280,00DH","119,00DH","80,00DH",,,,,,
24,,SAB FEM YZ82,SABOT,FEMME,"229,00DH",37---41,"Noir-Marron
Beige",,"398,00DH","60,00DH","537,00DH","150,00DH","676,00DH","240,00DH","120,00DH","109,00DH","179,00DH","50,00DH","338,00DH","120,00DH","477,00DH","210,00DH","596,00DH","320,00DH","139,00DH","90,00DH",,,,,,
25,,CHAUSS FEM YZ269,CHAUSSURE,FEMME,"299,00DH",37---41,,,"518,00DH","80,00DH","747,00DH","150,00DH","956,00DH","240,00DH","190,00DH","109,00DH","249,00DH","50,00DH","478,00DH","120,00DH","687,00DH","210,00DH","876,00DH","320,00DH","199,00DH","100,00DH",,,,,,
26,,SAC FEM YZ070,SAC,FEMME,"345,00DH",,marron - noir - BEIGE,,"610,00DH","80,00DH","885,00DH","150,00DH","1 140,00DH","240,00DH","236,00DH","109,00DH","295,00DH","50,00DH","570,00DH","120,00DH","825,00DH","210,00DH","1 060,00DH","320,00DH","245,00DH","100,00DH",,,,,,
27,,SAB FEM YZ89,SABOT,FEMME,"299,00DH",37---40,"Noir-Marron
Beige",,"518,00DH","80,00DH","747,00DH","150,00DH","956,00DH","240,00DH","190,00DH","109,00DH","249,00DH","50,00DH","478,00DH","120,00DH","687,00DH","210,00DH","876,00DH","320,00DH","199,00DH","100,00DH",,,,,,
28,,SAB FEM YZ159,SABOT,FEMME,"249,00DH",37---40,"Noir-Marron
Beige-Blanc
Bleu- Tabac",--,"418,00DH","80,00DH","597,00DH","150,00DH","756,00DH","240,00DH","140,00DH","109,00DH","199,00DH","50,00DH","378,00DH","120,00DH","537,00DH","210,00DH","676,00DH","320,00DH","159,00DH","90,00DH",,,,,,
29,,SAB FEM YZ33,SABOT,FEMME,"249,00DH",37---41,,,"418,00DH","80,00DH","597,00DH","150,00DH","756,00DH","240,00DH","140,00DH","109,00DH","199,00DH","50,00DH","378,00DH","120,00DH","537,00DH","210,00DH","676,00DH","320,00DH","159,00DH","90,00DH",,,,,,
30,,SAB FEM YZ31,SABOT,FEMME,"249,00DH",37---41,,,"418,00DH","80,00DH","597,00DH","150,00DH","756,00DH","240,00DH","140,00DH","109,00DH","199,00DH","50,00DH","378,00DH","120,00DH","537,00DH","210,00DH","676,00DH","320,00DH","159,00DH","90,00DH",,,,,,
31,,CHAUSS FEMYZ900,CHAUSSURE,FEMME,"299,00DH",37---41,,,"518,00DH","80,00DH","747,00DH","150,00DH","956,00DH","240,00DH","190,00DH","109,00DH","249,00DH","50,00DH","478,00DH","120,00DH","687,00DH","210,00DH","876,00DH","320,00DH","199,00DH","100,00DH",,,,,,
32,,CHAUSS FEMYZ905,CHAUSSURE,FEMME,"249,00DH",37---41,,,"418,00DH","80,00DH","597,00DH","150,00DH","756,00DH","240,00DH","140,00DH","109,00DH","199,00DH","50,00DH","378,00DH","120,00DH","537,00DH","210,00DH","676,00DH","320,00DH","159,00DH","90,00DH",,,,,,
33,,SAB FEM YZ900,SABOT,FEMME,"249,00DH",37---41,,,"418,00DH","80,00DH","597,00DH","150,00DH","756,00DH","240,00DH","140,00DH","109,00DH","199,00DH","50,00DH","378,00DH","120,00DH","537,00DH","210,00DH","676,00DH","320,00DH","159,00DH","90,00DH",,,,,,
34,,CHAUSS FZM YZ43,CHAUSSURE,FEMME,"249,00DH",37---41,,,"418,00DH","80,00DH","597,00DH","150,00DH","756,00DH","240,00DH","140,00DH","109,00DH","199,00DH","50,00DH","378,00DH","120,00DH","537,00DH","210,00DH","676,00DH","320,00DH","159,00DH","90,00DH",,,,,,
35,,SAB FEM YZ36,SABOT,FEMME,"249,00DH",37---41,,,"418,00DH","80,00DH","597,00DH","150,00DH","756,00DH","240,00DH","140,00DH","109,00DH","199,00DH","50,00DH","378,00DH","120,00DH","537,00DH","210,00DH","676,00DH","320,00DH","159,00DH","90,00DH",,,,,,
36,,SAB FEM YZ500,SABOT,FEMME,"299,00DH",37---41,NOIR - BEIGE -MARRON -BLEU CIEL,,"518,00DH","80,00DH","747,00DH","150,00DH","956,00DH","240,00DH","190,00DH","109,00DH","249,00DH","50,00DH","478,00DH","120,00DH","687,00DH","210,00DH","876,00DH","320,00DH","199,00DH","100,00DH",,,,,,
37,,CHAUSS FEMYZ253,CHAUSSURE,FEMME,"299,00DH",37---41,NOIR,,"518,00DH","80,00DH","747,00DH","150,00DH","956,00DH","240,00DH","190,00DH","109,00DH","249,00DH","50,00DH","478,00DH","120,00DH","687,00DH","210,00DH","876,00DH","320,00DH","199,00DH","100,00DH",,,,,,
38,,CHAUSS FEM YZ261,CHAUSSURE,FEMME,"299,00DH",37---40,NOIR-MARRON-BEIGE-SABLE,,"518,00DH","80,00DH","747,00DH","150,00DH","956,00DH","240,00DH","190,00DH","109,00DH","249,00DH","50,00DH","478,00DH","120,00DH","687,00DH","210,00DH","876,00DH","320,00DH","199,00DH","100,00DH",,,,,,
39,,SDL FEM YZ32,SANDALE,FEMME,"249,00DH",37---41,"Noir-Marron
Beige-Blanc
Bleu- ROSE",--,"418,00DH","80,00DH","597,00DH","150,00DH","756,00DH","240,00DH","140,00DH","109,00DH","199,00DH","50,00DH","378,00DH","120,00DH","537,00DH","210,00DH","676,00DH","320,00DH","159,00DH","90,00DH",,,,,,
40,,SAB FEM YZ92,SABOT,FEMME,"249,00DH",37---40,BEIGE - MARRON - NOIR - BLEU - GRIS,--,"418,00DH","80,00DH","597,00DH","150,00DH","756,00DH","240,00DH","140,00DH","109,00DH","199,00DH","50,00DH","378,00DH","120,00DH","537,00DH","210,00DH","676,00DH","320,00DH","159,00DH","90,00DH",,,,,,
41,,CHAUSS FEMYZ41,CHAUSSURE,FEMME,"249,00DH",37---41,BEIGE - MARRON - NOIR ,--,"418,00DH","80,00DH","597,00DH","150,00DH","756,00DH","240,00DH","140,00DH","109,00DH","199,00DH","50,00DH","378,00DH","120,00DH","537,00DH","210,00DH","676,00DH","320,00DH","159,00DH","90,00DH",,,,,,
42,,SDL FEM YZ42,SANDALE,FEMME,"249,00DH",37---41,BEIGE - MARRON - NOIR ,--,"418,00DH","80,00DH","597,00DH","150,00DH","756,00DH","240,00DH","140,00DH","109,00DH","199,00DH","50,00DH","378,00DH","120,00DH","537,00DH","210,00DH","676,00DH","320,00DH","159,00DH","90,00DH",,,,,,
43,,SAB FEM YZ44,SABOT,FEMME,"249,00DH",37---41,BEIGE - MARRON - NOIR - ROSE - GRENAT - LHUILE,--,"418,00DH","80,00DH","597,00DH","150,00DH","756,00DH","240,00DH","140,00DH","109,00DH","199,00DH","50,00DH","378,00DH","120,00DH","537,00DH","210,00DH","676,00DH","320,00DH","159,00DH","90,00DH",,,,,,
44,,SAB FEM YZ68,SABOT,FEMME,"249,00DH",37---40,BEIGE - BLEU- MARRON - NOIR,--,"418,00DH","80,00DH","597,00DH","150,00DH","756,00DH","240,00DH","140,00DH","109,00DH","199,00DH","50,00DH","378,00DH","120,00DH","537,00DH","210,00DH","676,00DH","320,00DH","159,00DH","90,00DH",,,,,,
45,,SAB FEMYZ74,SABOT,FEMME,"249,00DH",37---40,TABAC  - NOIR - BLEU - BEIGE - BLEU CIEL,--,"418,00DH","80,00DH","597,00DH","150,00DH","756,00DH","240,00DH","140,00DH","109,00DH","199,00DH","50,00DH","378,00DH","120,00DH","537,00DH","210,00DH","676,00DH","320,00DH","159,00DH","90,00DH",,,,,,
46,,SAB FEM YZ71,SABOT,FEMME,"299,00DH",37---40,BEIGE - BLEU - MARRON - NOIR,--,"518,00DH","80,00DH","747,00DH","150,00DH","956,00DH","240,00DH","190,00DH","109,00DH","249,00DH","50,00DH","478,00DH","120,00DH","687,00DH","210,00DH","876,00DH","320,00DH","199,00DH","100,00DH",,,,,,
47,,SAB FEM YZ75,SABOT,FEMME,"249,00DH",37---40,BEIGE - BLANC - BLEU CIEL - BLEU MARRINE - MARRON ,--,"418,00DH","80,00DH","597,00DH","150,00DH","756,00DH","240,00DH","140,00DH","109,00DH","199,00DH","50,00DH","378,00DH","120,00DH","537,00DH","210,00DH","676,00DH","320,00DH","159,00DH","90,00DH",,,,,,
48,,SAB FEM YZ88,SABOT,FEMME,"299,00DH",37---40,"Noir-Marron
Beige",--,"518,00DH","80,00DH","747,00DH","150,00DH","956,00DH","240,00DH","190,00DH","109,00DH","249,00DH","50,00DH","478,00DH","120,00DH","687,00DH","210,00DH","876,00DH","320,00DH","199,00DH","100,00DH",,,,,,
49,,SAB FEM YZ151,SABOT,FEMME,"249,00DH",37---40,"Noir-Marron
Beige-Blanc
Bleu- Tabac",--,"418,00DH","80,00DH","597,00DH","150,00DH","756,00DH","240,00DH","140,00DH","109,00DH","199,00DH","50,00DH","378,00DH","120,00DH","537,00DH","210,00DH","676,00DH","320,00DH","159,00DH","90,00DH",,,,,,
50,,SAB FEM YZ402,SABOT,FEMME,"249,00DH",37---40,"Noir-Marron
Beige
Bleu- ",--,"418,00DH","80,00DH","597,00DH","150,00DH","756,00DH","240,00DH","140,00DH","109,00DH","199,00DH","50,00DH","378,00DH","120,00DH","537,00DH","210,00DH","676,00DH","320,00DH","159,00DH","90,00DH",,,,,,
51,,SAB FEM YZ322,SABOT,FEMME,"249,00DH",37---40,"NOIR - BEIGE
- TABAC ",--,"418,00DH","80,00DH","597,00DH","150,00DH","756,00DH","240,00DH","140,00DH","109,00DH","199,00DH","50,00DH","378,00DH","120,00DH","537,00DH","210,00DH","676,00DH","320,00DH","159,00DH","90,00DH",,,,,,
52,,SAB FEM YZ320,CHAUSSURE,FEMME,"299,00DH",37---40,"Rayure Tigre / بني منمر
",--,"518,00DH","80,00DH","747,00DH","150,00DH","956,00DH","240,00DH","190,00DH","109,00DH","249,00DH","50,00DH","478,00DH","120,00DH","687,00DH","210,00DH","876,00DH","320,00DH","199,00DH","100,00DH",,,,,,
53,,CHAUSS FEMYZ276,CHAUSSURE,FEMME,"299,00DH",37---40,noir - marron,--,"518,00DH","80,00DH","747,00DH","150,00DH","956,00DH","240,00DH","190,00DH","109,00DH","249,00DH","50,00DH","478,00DH","120,00DH","687,00DH","210,00DH","876,00DH","320,00DH","199,00DH","100,00DH",,,,,,
54,,SCARPIN FEM YZ325,CHAUSSURE,FEMME,"249,00DH",36---40,"NOIR 
",--,"418,00DH","80,00DH","597,00DH","150,00DH","756,00DH","240,00DH","140,00DH","109,00DH","199,00DH","50,00DH","378,00DH","120,00DH","537,00DH","210,00DH","676,00DH","320,00DH","159,00DH","90,00DH",,,,,,
55,,CHAUSS FEM YZ263,CHAUSSURE,FEMME,"299,00DH",37---40,NOIR -MARRON,--,"518,00DH","80,00DH","747,00DH","150,00DH","956,00DH","240,00DH","190,00DH","109,00DH","249,00DH","50,00DH","478,00DH","120,00DH","687,00DH","210,00DH","876,00DH","320,00DH","199,00DH","100,00DH",,,,,,
56,,SAB FEM YZ153,SABOT,FEMME,"249,00DH",37---40,"NOIR - BEIGE
- MARRON-TABAC - BLANC",--,"418,00DH","80,00DH","597,00DH","150,00DH","756,00DH","240,00DH","140,00DH","109,00DH","199,00DH","50,00DH","378,00DH","120,00DH","537,00DH","210,00DH","676,00DH","320,00DH","159,00DH","90,00DH",,,,,,
57,,SAB FEM YZ147,SABOT,FEMME,"249,00DH",37---40,"NOIR - BEIGE
- MARRON-TABAC",--,"418,00DH","80,00DH","597,00DH","150,00DH","756,00DH","240,00DH","140,00DH","109,00DH","199,00DH","50,00DH","378,00DH","120,00DH","537,00DH","210,00DH","676,00DH","320,00DH","159,00DH","90,00DH",,,,,,
58,,ESPA FEM YZ2020,ESPADRILLE,FEMME,"349,00DH",37---41,BEIGE - NOIR - GRENAT,--,"618,00DH","80,00DH","897,00DH","150,00DH","1 156,00DH","240,00DH","240,00DH","109,00DH","299,00DH","50,00DH","578,00DH","120,00DH","837,00DH","210,00DH","1 076,00DH","320,00DH","249,00DH","100,00DH",,,,,,
59,,CHAUSS FEM YZ271,CHAUSSURE,FEMME,"299,00DH",37---40,NOIR- BLEU MARINE -TABAC- GRENAT,--,"518,00DH","80,00DH","747,00DH","150,00DH","956,00DH","240,00DH","190,00DH","109,00DH","249,00DH","50,00DH","478,00DH","120,00DH","687,00DH","210,00DH","876,00DH","320,00DH","199,00DH","100,00DH",,,,,,
60,,CHAUSS FEM YZ370,CHAUSSURE,FEMME,"249,00DH",37---40,MARRON - BEIGE - ROSE,EN LIQUIDATION,"418,00DH","80,00DH","597,00DH","150,00DH","756,00DH","240,00DH","140,00DH","109,00DH","199,00DH","50,00DH","378,00DH","120,00DH","537,00DH","210,00DH","676,00DH","320,00DH","159,00DH","90,00DH",,,,,,#REF!
61,,CHAUSS FEM YZ374,CHAUSSURE,FEMME,"249,00DH",37---40,MARRON - BEIGE - NOIR ,EN LIQUIDATION,"418,00DH","80,00DH","597,00DH","150,00DH","756,00DH","240,00DH","140,00DH","109,00DH","199,00DH","50,00DH","378,00DH","120,00DH","537,00DH","210,00DH","676,00DH","320,00DH","159,00DH","90,00DH",,,,,,#REF!
62,,ESPA FEM YZ1025,ESPADRILLE,FEMME,"299,00DH",36-41,NOIR - MARRON - GRIS,EN LIQUIDATION,"518,00DH","80,00DH","747,00DH","150,00DH","956,00DH","240,00DH","190,00DH","109,00DH","249,00DH","50,00DH","478,00DH","120,00DH","687,00DH","210,00DH","876,00DH","320,00DH","199,00DH","100,00DH",,,,,,#REF!
63,,SAB FEM YZ66,SABOT,FEMME,"249,00DH",37---40,NOIR - BEIGE - ROSE - SABLE - MARRON ,EN LIQUIDATION,"418,00DH","80,00DH","597,00DH","150,00DH","756,00DH","240,00DH","140,00DH","109,00DH","199,00DH","50,00DH","378,00DH","120,00DH","537,00DH","210,00DH","676,00DH","320,00DH","159,00DH","90,00DH",,,,,,#REF!
64,,SAB FEM YZ501,SABOT,FEMME,"299,00DH",37---41,MARRON - BEIGE,EN LIQUIDATION,"518,00DH","80,00DH","747,00DH","150,00DH","956,00DH","240,00DH","190,00DH","109,00DH","249,00DH","50,00DH","478,00DH","120,00DH","687,00DH","210,00DH","876,00DH","320,00DH","199,00DH","100,00DH",,,,,,
65,,SAB FEM YZ502,SABOT,FEMME,"249,00DH",37---41,,EN COUR,"418,00DH","80,00DH","597,00DH","150,00DH","756,00DH","240,00DH","140,00DH","109,00DH","199,00DH","50,00DH","378,00DH","120,00DH","537,00DH","210,00DH","676,00DH","320,00DH","159,00DH","90,00DH",,,,,,#REF!
66,,CHAUSS FEM YZ248,CHAUSSURE,FEMME,"299,00DH",37---41,"Noir-Marron
Beige - Bleu",EN LIQUIDATION,"518,00DH","80,00DH","747,00DH","150,00DH","956,00DH","240,00DH","190,00DH","109,00DH","249,00DH","50,00DH","478,00DH","120,00DH","687,00DH","210,00DH","876,00DH","320,00DH","199,00DH","100,00DH",,,,,,#REF!
67,,ESPA FEM YZ2005,ESPADRILLE,FEMME,"349,00DH",36 - 41,NOIR - MARRON - BEIGE GRIS - BLANC GRIS,EN LIQUIDATION,"618,00DH","80,00DH","897,00DH","150,00DH","1 156,00DH","240,00DH","240,00DH","109,00DH","299,00DH","50,00DH","578,00DH","120,00DH","837,00DH","210,00DH","1 076,00DH","320,00DH","249,00DH","100,00DH",,,,,,#REF!
68,,ESPA FEM YZ2010,ESPADRILLE,FEMME,"349,00DH",36---40,NOIR,EN LIQUIDATION,"618,00DH","80,00DH","897,00DH","150,00DH","1 156,00DH","240,00DH","240,00DH","109,00DH","299,00DH","50,00DH","578,00DH","120,00DH","837,00DH","210,00DH","1 076,00DH","320,00DH","249,00DH","100,00DH",,,,,,
69,,ESPA FEM YZ2015,ESPADRILLE,FEMME,,37---41,,EN LIQUIDATION,,,,,,,,,,,,,,,,,,,,,,,,
70,,BOT FEM YZ3000,BOTTE,FEMME,"549,00DH",36---41,NOIR - CAMEL,EN LIQUIDATION,,,,,,,,,,,,,,,,,"449,00DH",,,,,,,#REF!
71,,CHAUSS FEM YZ265,CHAUSSURE,FEMME,"299,00DH",37---40,BLEU,EN LIQUIDATION,"518,00DH","80,00DH","747,00DH","150,00DH","956,00DH","240,00DH","190,00DH","109,00DH","249,00DH","50,00DH","478,00DH","120,00DH","687,00DH","210,00DH","876,00DH","320,00DH","199,00DH","100,00DH",,,,,,
72,,SAB FEM YZ400,SABOT,FEMME,"249,00DH",37---40,,EN LIQUIDATION,"418,00DH","80,00DH","597,00DH","150,00DH","756,00DH","240,00DH","140,00DH","109,00DH","199,00DH","50,00DH","378,00DH","120,00DH","537,00DH","210,00DH","676,00DH","320,00DH","159,00DH","90,00DH",,,,,,
73,,ESPA FEM YZ2035,ESPADRILLE,FEMME,"299,00DH",36---40,NOIR - BLANC - BEIGE - GRIS,EN LIQUIDATION,"518,00DH","80,00DH","747,00DH","150,00DH","956,00DH","240,00DH","190,00DH","109,00DH","249,00DH","50,00DH","478,00DH","120,00DH","687,00DH","210,00DH","876,00DH","320,00DH","149,00DH","150,00DH",,,,,,#REF!
74,,BOT FEM YZ3005,BOTTE,FEMME,"349,00DH",37---41,NOIR - MARRON,EN LIQUIDATION,"618,00DH","80,00DH","897,00DH","150,00DH","1 156,00DH","240,00DH","240,00DH","109,00DH","299,00DH","50,00DH","578,00DH","120,00DH","837,00DH","210,00DH","1 076,00DH","320,00DH","249,00DH","100,00DH",,,,,,#REF!
75,,BOT FEM YZ3005,BOTTE,FEMME,"349,00DH",37---41,NOIR - MARRON,EN LIQUIDATION,"618,00DH","80,00DH","897,00DH","150,00DH","1 156,00DH","240,00DH","240,00DH","109,00DH","299,00DH","50,00DH","578,00DH","120,00DH","837,00DH","210,00DH","1 076,00DH","320,00DH","249,00DH","100,00DH",,,,,,#REF!
76,,SAB FEM YZ410,SABOT,FEMME,"279,00DH",37---40,MARRON -BEIGE - BLEU CIEL -BLEU MARRINE - CAMEL,EN LIQUIDATION,"478,00DH","80,00DH","687,00DH","150,00DH","876,00DH","240,00DH","170,00DH","109,00DH","229,00DH","50,00DH","438,00DH","120,00DH","627,00DH","210,00DH","796,00DH","320,00DH","189,00DH","90,00DH",,,,,,#REF!
77,,SAB FEM YZ503,SABOT,FEMME,"249,00DH",37---41,BEIGE,EN LIQUIDATION,"418,00DH","80,00DH","597,00DH","150,00DH","756,00DH","240,00DH","140,00DH","109,00DH","199,00DH","50,00DH","378,00DH","120,00DH","537,00DH","210,00DH","676,00DH","320,00DH","159,00DH","90,00DH",,,,,,#REF!
78,, CHAUSS HOM YZ660,CHAUSSURE,HOMME,"399,00DH",39 - 45,"Marron - Bleu marin
",EN LIQUIDATION,"718,00DH","80,00DH","1 047,00DH","150,00DH","1 356,00DH","240,00DH","290,00DH","109,00DH","349,00DH","50,00DH","678,00DH","120,00DH","987,00DH","210,00DH","1 276,00DH","320,00DH","299,00DH","100,00DH",,,,,,#REF!
79,,CHAUSS HOM YZ665,CHAUSSURE,HOMME,"399,00DH",39 - 44,"NMarron
Bleu marin",EN LIQUIDATION,"718,00DH","80,00DH","1 047,00DH","150,00DH","1 356,00DH","240,00DH","290,00DH","109,00DH","349,00DH","50,00DH","678,00DH","120,00DH","987,00DH","210,00DH","1 276,00DH","320,00DH","299,00DH","100,00DH",,,,,,#REF!
80,,CHAUSS HOM YZ695,CHAUSSURE,HOMME,"399,00DH",39 - 44,"Noir-Marron
Bleu marin",EN LIQUIDATION,"718,00DH","80,00DH","1 047,00DH","150,00DH","1 356,00DH","240,00DH","290,00DH","109,00DH","349,00DH","50,00DH","678,00DH","120,00DH","987,00DH","210,00DH","1 276,00DH","320,00DH","299,00DH","100,00DH",,,,,,#REF!
81,, CHAUSS HOM YZ675,CHAUSSURE,HOMME,"399,00DH",39 - 44,"Noir-Marron
Bleu marin",EN LIQUIDATION,"718,00DH","80,00DH","1 047,00DH","150,00DH","1 356,00DH","240,00DH","290,00DH","109,00DH","349,00DH","50,00DH","678,00DH","120,00DH","987,00DH","210,00DH","1 276,00DH","320,00DH","299,00DH","100,00DH",,,,,,#REF!
82,,SAB HOM YZ690,SABOT,HOMME,"399,00DH",40 - 44,"Noir-Marron
Bleu marin",EN LIQUIDATION,"718,00DH","80,00DH","1 047,00DH","150,00DH","1 356,00DH","240,00DH","290,00DH","109,00DH","349,00DH","50,00DH","678,00DH","120,00DH","987,00DH","210,00DH","1 276,00DH","320,00DH","299,00DH","100,00DH",,,,,,#REF!
83,,SAB HOM YZ685,SABOT,HOMME,"349,00DH",40 - 44,"Noir-Marron
Bleu marin",EN LIQUIDATION,"618,00DH","80,00DH","897,00DH","150,00DH","1 156,00DH","240,00DH","240,00DH","109,00DH","299,00DH","50,00DH","578,00DH","120,00DH","837,00DH","210,00DH","1 076,00DH","320,00DH","249,00DH","100,00DH",,,,,,#REF!
84,, SAB HOM YZ680,SABOT,HOMME,"349,00DH",40 - 44,"Noir-Marron
Bleu marin",EN LIQUIDATION,"618,00DH","80,00DH","897,00DH","150,00DH","1 156,00DH","240,00DH","240,00DH","109,00DH","299,00DH","50,00DH","578,00DH","120,00DH","837,00DH","210,00DH","1 076,00DH","320,00DH","249,00DH","100,00DH",,,,,,#REF!
85,,SAB FEM YZ72,SABOT,FEMME,"249,00DH",37---40,NOIR - MARRON - BEIGE - RAYURE TIGRE,EN LIQUIDATION,"418,00DH","80,00DH","597,00DH","150,00DH","756,00DH","240,00DH","140,00DH","109,00DH","199,00DH","50,00DH","378,00DH","120,00DH","537,00DH","210,00DH","676,00DH","320,00DH","159,00DH","90,00DH",,,,,,#REF!
86,, CHAUSS FEM YZ254,CHAUSSURE,FEMME,"299,00DH",37---40,SABLE,EN LIQUIDATION,"518,00DH","80,00DH","747,00DH","150,00DH","956,00DH","240,00DH","190,00DH","109,00DH","249,00DH","50,00DH","478,00DH","120,00DH","687,00DH","210,00DH","876,00DH","320,00DH","199,00DH","100,00DH",,,,,,#REF!
87,,CHAUSSFEM YZ270,CHAUSSURE,FEMME,"299,00DH",37---41,NOIR -MARRON,EN COUR,"518,00DH","80,00DH","747,00DH","150,00DH","956,00DH","240,00DH","190,00DH","109,00DH","249,00DH","50,00DH","478,00DH","120,00DH","687,00DH","210,00DH","876,00DH","320,00DH","199,00DH","100,00DH",,,,,,#REF!
88,,CHAUSS FEM YZ262,CHAUSSURE,FEMME,"299,00DH",37---41,NOIR - TABAC - BLEU - GRENET,EN LIQUIDATION,"518,00DH","80,00DH","747,00DH","150,00DH","956,00DH","240,00DH","190,00DH","109,00DH","249,00DH","50,00DH","478,00DH","120,00DH","687,00DH","210,00DH","876,00DH","320,00DH","199,00DH","100,00DH",,,,,,#REF!
89,,ESPA FEM YZ2040,ESPADRILLE,FEMME,"349,00DH",36---40,"ROSE - GRIS
",EN LIQUIDATION,"618,00DH","80,00DH","897,00DH","150,00DH","1 156,00DH","240,00DH","240,00DH","109,00DH","299,00DH","50,00DH","578,00DH","120,00DH","837,00DH","210,00DH","1 076,00DH","320,00DH","249,00DH","100,00DH",,,,,,#REF!
90,,SAB FEM YZ330,SABOT,FEMME,"249,00DH",37---41,TABAC,EN LIQUIDATION,"418,00DH","80,00DH","597,00DH","150,00DH","756,00DH","240,00DH","140,00DH","109,00DH","199,00DH","50,00DH","378,00DH","120,00DH","537,00DH","210,00DH","676,00DH","320,00DH","159,00DH","90,00DH",,,,,,#REF!
91,, SAB FEM YZ380,SABOT,FEMME,"299,00DH",36---40,BEIGE,EN LIQUIDATION,"518,00DH","80,00DH","747,00DH","150,00DH","956,00DH","240,00DH","190,00DH","109,00DH","249,00DH","50,00DH","478,00DH","120,00DH","687,00DH","210,00DH","876,00DH","320,00DH","199,00DH","100,00DH",,,,,,#REF!
92,, CHAUSS FEM YZ384,CHAUSSURE,FEMME,"299,00DH",37---40,"NOIR - BEIGE
-TABAC",EN COUR,"518,00DH","80,00DH","747,00DH","150,00DH","956,00DH","240,00DH","190,00DH","109,00DH","249,00DH","50,00DH","478,00DH","120,00DH","687,00DH","210,00DH","876,00DH","320,00DH","199,00DH","100,00DH",,,,,,#REF!
93,, CHAUSS FEM YZ249,CHAUSSURE,FEMME,"299,00DH",37---40,"NOIR -MARRON
",EN COUR,"518,00DH","80,00DH","747,00DH","150,00DH","956,00DH","240,00DH","190,00DH","109,00DH","249,00DH","50,00DH","478,00DH","120,00DH","687,00DH","210,00DH","876,00DH","320,00DH","199,00DH","100,00DH",,,,,,#REF!
94,,ESPA FEM YZ2050,ESPADRILLE,FEMME,"299,00DH",37---40,noir,EN LIQUIDATION,"518,00DH","80,00DH","747,00DH","150,00DH","956,00DH","240,00DH","190,00DH","109,00DH","249,00DH","50,00DH","478,00DH","120,00DH","687,00DH","210,00DH","876,00DH","320,00DH","199,00DH","100,00DH",,,,,,#REF!
95,,SDL FEM YZ911,SANDALE,FEMME,"299,00DH",37---40,"NOIR - BEIGE
",EN TEST,"518,00DH","80,00DH","747,00DH","150,00DH","956,00DH","240,00DH","190,00DH","109,00DH","249,00DH","50,00DH","478,00DH","120,00DH","687,00DH","210,00DH","876,00DH","320,00DH","199,00DH","100,00DH",,,,,,
96,,SDL FEM YZ912,SANDALE,FEMME,"299,00DH",37---41,"NOIR - BEIGE
",EN TEST,"518,00DH","80,00DH","747,00DH","150,00DH","956,00DH","240,00DH","190,00DH","109,00DH","249,00DH","50,00DH","478,00DH","120,00DH","687,00DH","210,00DH","876,00DH","320,00DH","199,00DH","100,00DH",,,,,,#REF!
97,,SDL FEM YZ913,SANDALE,FEMME,"329,00DH",37---40,"NOIR - BEIGE
- MARRON-BLANC CASSE",EN COUR,"578,00DH","80,00DH","837,00DH","150,00DH","1 076,00DH","240,00DH","220,00DH","109,00DH","279,00DH","50,00DH","538,00DH","120,00DH","777,00DH","210,00DH","996,00DH","320,00DH","229,00DH","100,00DH",,,,,,#REF!
98,,SDL FEM YZ914,SANDALE,FEMME,"299,00DH",37---40,"NOIR - BEIGE
- MARRON",EN COUR,"518,00DH","80,00DH","747,00DH","150,00DH","956,00DH","240,00DH","190,00DH","109,00DH","249,00DH","50,00DH","478,00DH","120,00DH","687,00DH","210,00DH","876,00DH","320,00DH","199,00DH","100,00DH",,,,,,#REF!
99,,SDL FEM YZ915,SANDALE,FEMME,"299,00DH",37---41,"NOIR - BEIGE
- BLANC",EN TEST,"518,00DH","80,00DH","747,00DH","150,00DH","956,00DH","240,00DH","190,00DH","109,00DH","249,00DH","50,00DH","478,00DH","120,00DH","687,00DH","210,00DH","876,00DH","320,00DH","199,00DH","100,00DH",,,,,,#REF!
100,,SDL FEM YZ916,SANDALE,FEMME,"299,00DH",37---40,"NOIR - BEIGE
- MARRON",EN TEST,"518,00DH","80,00DH","747,00DH","150,00DH","956,00DH","240,00DH","190,00DH","109,00DH","249,00DH","50,00DH","478,00DH","120,00DH","687,00DH","210,00DH","876,00DH","320,00DH","199,00DH","100,00DH",,,,,,
101,,SDL FEM YZ917,SANDALE,FEMME,"299,00DH",36---40,"NOIR - BEIGE
- MARRON",EN COUR,"518,00DH","80,00DH","747,00DH","150,00DH","956,00DH","240,00DH","190,00DH","109,00DH","249,00DH","50,00DH","478,00DH","120,00DH","687,00DH","210,00DH","876,00DH","320,00DH","199,00DH","100,00DH",,,TALON ,,,#REF!
102,,SDL FEM YZ101,SANDALE,FEMME,"229,00DH",37---41,Rose  - gris noir ,EN TEST,"398,00DH","60,00DH","537,00DH","150,00DH","676,00DH","240,00DH","120,00DH","109,00DH","179,00DH","50,00DH","338,00DH","120,00DH","477,00DH","210,00DH","596,00DH","320,00DH","139,00DH","90,00DH",,,,,,#REF!
103,,SDL FEM YZ02,SANDALE,FEMME,"229,00DH",37---41,Bleu marine - noir - marron - rose - beige,EN COUR,"398,00DH","60,00DH","537,00DH","150,00DH","676,00DH","240,00DH","120,00DH","109,00DH","179,00DH","50,00DH","338,00DH","120,00DH","477,00DH","210,00DH","596,00DH","320,00DH","139,00DH","90,00DH",,,PLATE,,,#REF!
104,,SDL FEM YZ105,SANDALE,FEMME,"249,00DH",37---41,Bleu marine - marron - noir,EN TEST,"418,00DH","80,00DH","597,00DH","150,00DH","756,00DH","240,00DH","140,00DH","109,00DH","199,00DH","50,00DH","378,00DH","120,00DH","537,00DH","210,00DH","676,00DH","320,00DH","159,00DH","90,00DH",,,,,,#REF!
105,,SDL FEM YZ103,SANDALE,FEMME,"229,00DH",37---41,Beige - noir - tabac - cuivre,EN TEST,"398,00DH","60,00DH","537,00DH","150,00DH","676,00DH","240,00DH","120,00DH","109,00DH","179,00DH","50,00DH","338,00DH","120,00DH","477,00DH","210,00DH","596,00DH","320,00DH","139,00DH","90,00DH",,,,,,#REF!
106,,SDL FEM YZ106,SANDALE,FEMME,"249,00DH",37---41,BLEU - CUIVRE - ROSE - PESTACHE - GRIS NOIR - JAUNE,EN TEST,"418,00DH","80,00DH","597,00DH","150,00DH","756,00DH","240,00DH","140,00DH","109,00DH","199,00DH","50,00DH","378,00DH","120,00DH","537,00DH","210,00DH","676,00DH","320,00DH","159,00DH","90,00DH",,,,,,#REF!
107,,SDL FEM YZ107,SANDALE,FEMME,"249,00DH",37---41,NOIR - MARRON -GRIS - BLEU MARRINE - ROSE - PESTACHE - SABLE,EN COUR,"418,00DH","80,00DH","597,00DH","150,00DH","756,00DH","240,00DH","140,00DH","109,00DH","199,00DH","50,00DH","378,00DH","120,00DH","537,00DH","210,00DH","676,00DH","320,00DH","159,00DH","90,00DH",,,PLATE,,,#REF!
108,,SDL FEM YZ109,SANDALE,FEMME,"249,00DH",37---41,Bleu marine - noir - marron - rose,EN TEST,"418,00DH","80,00DH","597,00DH","150,00DH","756,00DH","240,00DH","140,00DH","109,00DH","199,00DH","50,00DH","378,00DH","120,00DH","537,00DH","210,00DH","676,00DH","320,00DH","159,00DH","90,00DH",,,,,,#REF!
109,,SDL FEM YZ108,SANDALE,FEMME,"249,00DH",37---41,noir - CUIVRE -  GRIS NOIR - PESTACHE -  BLEU CIEL ,EN TEST,"418,00DH","80,00DH","597,00DH","150,00DH","756,00DH","240,00DH","140,00DH","109,00DH","199,00DH","50,00DH","378,00DH","120,00DH","537,00DH","210,00DH","676,00DH","320,00DH","159,00DH","90,00DH",,,,,,#REF!
110,,SDL FEM YZ119,SANDALE,FEMME,"249,00DH",37---41, rose - cuivre - gris noir - noir - bleu ciel,EN COUR,"418,00DH","80,00DH","597,00DH","150,00DH","756,00DH","240,00DH","140,00DH","109,00DH","199,00DH","50,00DH","378,00DH","120,00DH","537,00DH","210,00DH","676,00DH","320,00DH","159,00DH","90,00DH",,,PLATE,,,#REF!
111,,SAB FEM YZ95,SABOT,FEMME,"249,00DH",37---41,cuivre,EN LIQUIDATION,"418,00DH","80,00DH","597,00DH","150,00DH","756,00DH","240,00DH","140,00DH","109,00DH","199,00DH","50,00DH","378,00DH","120,00DH","537,00DH","210,00DH","676,00DH","320,00DH","159,00DH","90,00DH",,,,,,#REF!
112,,SAC FEM YZ071,SAC,FEMME,"285,00DH",,BLANC CASSE - MARRON - NOIR - PESTACHE,EN COUR,"490,00DH","80,00DH","705,00DH","150,00DH","900,00DH","240,00DH","176,00DH","109,00DH","235,00DH","50,00DH","450,00DH","120,00DH","645,00DH","210,00DH","820,00DH","320,00DH","185,00DH","100,00DH",,,,,,#REF!
113,,SAC FEM YZ072,SAC,FEMME,"289,00DH",,BLEU - MARRON - NOIR - ROSE TERREUX,EN COUR,"498,00DH","80,00DH","717,00DH","150,00DH","916,00DH","240,00DH","180,00DH","109,00DH","239,00DH","50,00DH","458,00DH","120,00DH","657,00DH","210,00DH","836,00DH","320,00DH","189,00DH","100,00DH",,,,,,#REF!
114,,SAC FEM YZ073,SAC,FEMME,"299,00DH",,BEIGE - MARRON - NOIR - PESTACHE - ROSE ,EN COUR,"518,00DH","80,00DH","747,00DH","150,00DH","956,00DH","240,00DH","190,00DH","109,00DH","249,00DH","50,00DH","478,00DH","120,00DH","687,00DH","210,00DH","876,00DH","320,00DH","199,00DH","100,00DH",,,,,,#REF!
115,,SAC FEM YZ074,SAC,FEMME,"289,00DH",,ROSE - BEIGE - MARRON - NOIR,EN COUR,"498,00DH","80,00DH","717,00DH","150,00DH","916,00DH","240,00DH","180,00DH","109,00DH","239,00DH","50,00DH","458,00DH","120,00DH","657,00DH","210,00DH","836,00DH","320,00DH","189,00DH","100,00DH",,,,,,#REF!
116,,SAC FEM YZ075,SAC,FEMME,"345,00DH",,BEIGE - GRIS - NOIR - ROSE,EN COUR,"610,00DH","80,00DH","885,00DH","150,00DH","1 140,00DH","240,00DH","236,00DH","109,00DH","295,00DH","50,00DH","570,00DH","120,00DH","825,00DH","210,00DH","1 060,00DH","320,00DH","245,00DH","100,00DH",,,,,,#REF!
117,,SDL FEM YZ919,SANDALE,FEMME,"319,00DH",36---40,noir - beige - marron - BLANC,EN COUR,"558,00DH","80,00DH","807,00DH","150,00DH","1 036,00DH","240,00DH","210,00DH","109,00DH","269,00DH","50,00DH","518,00DH","120,00DH","747,00DH","210,00DH","956,00DH","320,00DH","219,00DH","100,00DH",,,TALON ,,,#REF!
118,,SDL FEM YZ115,SANDALE,FEMME,"259,00DH",37---41,ROSE - JAUNE,EN COUR,"438,00DH","80,00DH","627,00DH","150,00DH","796,00DH","240,00DH","150,00DH","109,00DH","209,00DH","50,00DH","398,00DH","120,00DH","567,00DH","210,00DH","716,00DH","320,00DH","169,00DH","90,00DH",,,TALON,,,#REF!
119,,SDL FEM YZ120,SANDALE,FEMME,"265,00DH",37---41,JAUNE  -BLEU CIEL - BLEU MARINE - BEIGE - ROSE ,EN TEST,"450,00DH","80,00DH","645,00DH","150,00DH","820,00DH","240,00DH","156,00DH","109,00DH","215,00DH","50,00DH","410,00DH","120,00DH","585,00DH","210,00DH","740,00DH","320,00DH","175,00DH","90,00DH",,,,,,#REF!
120,,SDL FEM YZ158,SANDALE,FEMME,"199,00DH",37---41,GRENAT- MARRON - BEIGE BLEU MARINE ,EN TEST,"350,00DH","48,00DH","477,00DH","120,00DH","596,00DH","200,00DH","100,00DH","99,00DH",,"199,00DH","328,00DH","70,00DH","417,00DH","180,00DH","516,00DH","280,00DH","119,00DH","80,00DH",,,,,,#REF!
121,,SDL FEM YZ113,SANDALE,FEMME,"259,00DH",37---41,NOIR-TABAC - CUIVRE - BEIGE,EN COUR,"438,00DH","80,00DH","627,00DH","150,00DH","796,00DH","240,00DH","150,00DH","109,00DH","209,00DH","50,00DH","398,00DH","120,00DH","567,00DH","210,00DH","716,00DH","320,00DH","169,00DH","90,00DH",,,TALON,,,#REF!
122,,SDL FEM YZ159,SANDALE,FEMME,"199,00DH",37---41,TABAC,EN TEST,"350,00DH","48,00DH","477,00DH","120,00DH","596,00DH","200,00DH","100,00DH","99,00DH","149,00DH","50,00DH","328,00DH","70,00DH","417,00DH","180,00DH","516,00DH","280,00DH","119,00DH","80,00DH",,,,,,#REF!
123,,SDL FEM YZ160,SANDALE,FEMME,"199,00DH",37---41,BLEU MARINE - BEIGE ,EN TEST,"350,00DH","48,00DH","477,00DH","120,00DH","596,00DH","200,00DH","100,00DH","99,00DH","169,00DH","30,00DH","328,00DH","70,00DH","417,00DH","180,00DH","516,00DH","280,00DH","119,00DH","80,00DH",,,,,,#REF!
79,,SDL FEM YZ161,SANDALE,FEMME,"199,00DH",37---41,GRENAT - NOIR - MARRON - BEIGE - BLEU MARINE,EN COUR,"350,00DH","48,00DH","477,00DH","120,00DH","596,00DH","200,00DH","100,00DH","99,00DH","169,00DH","30,00DH","328,00DH","70,00DH","417,00DH","180,00DH","516,00DH","280,00DH","119,00DH","80,00DH",,,PLATE,,,#REF!
125,,SDL FEMYZ331,SANDALE,FEMME,"269,00DH",37---41,PESTACHE - BEIGE - NOIR - MARRON,EN COUR,"458,00DH","80,00DH","657,00DH","150,00DH","836,00DH","240,00DH","160,00DH","109,00DH","219,00DH","50,00DH","418,00DH","120,00DH","597,00DH","210,00DH","756,00DH","320,00DH","179,00DH","90,00DH",,,PLATE,,,#REF!
126,,SDL FEM YZ332,SANDALE,FEMME,"329,00DH",36---40,BEIGE - SABLE - NOIR,EN TEST,"578,00DH","80,00DH","837,00DH","150,00DH","1 076,00DH","240,00DH","220,00DH","109,00DH","279,00DH","50,00DH","538,00DH","120,00DH","777,00DH","210,00DH","996,00DH","320,00DH","229,00DH","100,00DH",,,,,,#REF!
127,,SDL FEM YZ920,SANDALE,FEMME,"319,00DH",36---40,MARRON - NOIR - BEIGE,EN COUR,"558,00DH","80,00DH","807,00DH","150,00DH","1 036,00DH","240,00DH","210,00DH","109,00DH","269,00DH","50,00DH","518,00DH","120,00DH","747,00DH","210,00DH","956,00DH","320,00DH","219,00DH","100,00DH",,,DEMI TALON ,,,#REF!
128,,SDL FEM YZ921,SANDALE,FEMME,"285,00DH",37---40,BEIGE - CUIVRE ,EN TEST,"490,00DH","80,00DH","705,00DH","150,00DH","900,00DH","240,00DH","176,00DH","109,00DH","235,00DH","50,00DH","450,00DH","120,00DH","645,00DH","210,00DH","820,00DH","320,00DH","185,00DH","100,00DH",,,,,,#REF!
129,,SDL FEM YZ922,SANDALE,FEMME,"299,00DH",37---40,NOIR- MARRON-BEIGE ,EN TEST,"518,00DH","80,00DH","747,00DH","150,00DH","956,00DH","240,00DH","190,00DH","109,00DH","249,00DH","50,00DH","478,00DH","120,00DH","687,00DH","210,00DH","876,00DH","320,00DH","199,00DH","100,00DH",,,,,,#REF!
130,,SDL FEM YZ923,SANDALE,FEMME,"319,00DH",37---40,NOIR -  MARRON - BEIGE,EN TEST,"558,00DH","80,00DH","807,00DH","150,00DH","1 036,00DH","240,00DH","210,00DH","109,00DH","269,00DH","50,00DH","518,00DH","120,00DH","747,00DH","210,00DH","956,00DH","320,00DH","219,00DH","100,00DH",,,,,,#REF!
131,,SDL FEM YZ924,SANDALE,FEMME,"289,00DH",37---40,NOIR- MARRON-BEIGE ,EN TEST,"498,00DH","80,00DH","717,00DH","150,00DH","916,00DH","240,00DH","180,00DH","109,00DH","239,00DH","50,00DH","458,00DH","120,00DH","657,00DH","210,00DH","836,00DH","320,00DH","189,00DH","100,00DH",,,,,,#REF!
132,,SDL FEM YZ333,SANDALE,FEMME,"295,00DH",37---41,BEIGE - MARRON - NOIR,EN TEST,"510,00DH","80,00DH","735,00DH","150,00DH","940,00DH","240,00DH","186,00DH","109,00DH","245,00DH","50,00DH","470,00DH","120,00DH","675,00DH","210,00DH","860,00DH","320,00DH","195,00DH","100,00DH",,,,,,#REF!
133,,SDL FEM YZ334,SANDALE,FEMME,"319,00DH",37---41,BEIGE - MARRON - NOIR,EN COUR,"558,00DH","80,00DH","807,00DH","150,00DH","1 036,00DH","240,00DH","210,00DH","109,00DH","269,00DH","50,00DH","518,00DH","120,00DH","747,00DH","210,00DH","956,00DH","320,00DH","219,00DH","100,00DH",,,,,,#REF!
134,,SDL FEM YZ335,SANDALE,FEMME,"299,00DH",37---41,BEIGE - MARRON - NOIR,EN TEST,"518,00DH","80,00DH","747,00DH","150,00DH","956,00DH","240,00DH","190,00DH","109,00DH","249,00DH","50,00DH","478,00DH","120,00DH","687,00DH","210,00DH","876,00DH","320,00DH","199,00DH","100,00DH",,,,,,#REF!
135,,SDL FEM YZ336,SANDALE,FEMME,"299,00DH",36---40,BEIGE - MARRON - NOIR,EN COUR,"518,00DH","80,00DH","747,00DH","150,00DH","956,00DH","240,00DH","190,00DH","109,00DH","249,00DH","50,00DH","478,00DH","120,00DH","687,00DH","210,00DH","876,00DH","320,00DH","199,00DH","100,00DH",,,PLATE,,,#REF!
136,,SDL FEM YZ503,SANDALE,FEMME,"199,00DH",37---41,PESTACHE -  NOIR - MARRON - BEIGE ,EN TEST,"350,00DH","48,00DH","477,00DH","120,00DH","596,00DH","200,00DH","100,00DH","99,00DH","169,00DH","30,00DH","328,00DH","70,00DH","417,00DH","180,00DH","516,00DH","280,00DH","119,00DH","80,00DH",,,,,,#REF!
137,,SDL FEM YZ504,SANDALE,FEMME,"199,00DH",37---41,NOIR- MARRON - BEIGE - PESTACHE,EN TEST,"350,00DH","48,00DH","477,00DH","120,00DH","596,00DH","200,00DH","100,00DH","99,00DH","169,00DH","30,00DH","328,00DH","70,00DH","417,00DH","180,00DH","516,00DH","280,00DH","119,00DH","80,00DH",,,,,,#REF!
138,,SDL FEM YZ505,SANDALE,FEMME,"199,00DH",37---41,NOIR -  MARRON - BEIGE - VERT ,EN TEST,"350,00DH","48,00DH","477,00DH","120,00DH","596,00DH","200,00DH","100,00DH","99,00DH","169,00DH","30,00DH","328,00DH","70,00DH","417,00DH","180,00DH","516,00DH","280,00DH","119,00DH","80,00DH",,,,,,#REF!
139,,SDL FEM YZ506,SANDALE,FEMME,"199,00DH",37---41,NOIR  - GRIS - BLANC - GRENAT -  SABLE  -  ROSE ,EN TEST,"350,00DH","48,00DH","477,00DH","120,00DH","596,00DH","200,00DH","100,00DH","99,00DH","169,00DH","30,00DH","328,00DH","70,00DH","417,00DH","180,00DH","516,00DH","280,00DH","119,00DH","80,00DH",,,,,,#REF!
140,,SDL FEM YZ880,SANDALE,FEMME,"289,00DH",37---40,MARRON - BEIGE - NOIR - BLANC ,EN TEST,"498,00DH","80,00DH","717,00DH","150,00DH","916,00DH","240,00DH","180,00DH","109,00DH","239,00DH","50,00DH","458,00DH","120,00DH","657,00DH","210,00DH","836,00DH","320,00DH","189,00DH","100,00DH",,,,,,#REF!
141,,SDL FEM YZ882,SANDALE,FEMME,"295,00DH",37---40,CAMEL - BEIGE - NOIR - BLANC ,EN TEST,"510,00DH","80,00DH","735,00DH","150,00DH","940,00DH","240,00DH","186,00DH","109,00DH","245,00DH","50,00DH","470,00DH","120,00DH","675,00DH","210,00DH","860,00DH","320,00DH","195,00DH","100,00DH",,,,,,#REF!
142,,MULE FEM YZ408,MULES,FEMME,"299,00DH",36---40,NOIR -  SABLE- BEIGE - ROSE  ,EN COUR,"518,00DH","80,00DH","747,00DH","150,00DH","956,00DH","240,00DH","190,00DH","109,00DH","249,00DH","50,00DH","478,00DH","120,00DH","687,00DH","210,00DH","876,00DH","320,00DH","199,00DH","100,00DH",,,,,,#REF!
143,,PACK FEM,PACK,FEMME,"399,00DH",36---40,NOIR -  SABLE- BEIGE - ROSE  ,EN COUR,"718,00DH","80,00DH","1 047,00DH","150,00DH","1 356,00DH","240,00DH","290,00DH","109,00DH","349,00DH","50,00DH","678,00DH","120,00DH","987,00DH","210,00DH","1 276,00DH","320,00DH","299,00DH","100,00DH",,,,,,#REF!
144,,MULE FEM YZ403,MULES,FEMME,"199,00DH",37---41,TABAC -  BLEU CIEL ,EN LIQUIDATION,"350,00DH","48,00DH","477,00DH","120,00DH","596,00DH","200,00DH","100,00DH","99,00DH","169,00DH","30,00DH","328,00DH","70,00DH","417,00DH","180,00DH","516,00DH","280,00DH","119,00DH","80,00DH",,,,,,#REF!
145,,MULE FEM YZ012,MULES,FEMME,"249,00DH",37---41,CAMEL - BEIGE - ROSE -  BLEU,EN LIQUIDATION,"418,00DH","80,00DH","597,00DH","150,00DH","756,00DH","240,00DH","140,00DH","109,00DH","199,00DH","50,00DH","378,00DH","120,00DH","537,00DH","210,00DH","676,00DH","320,00DH","159,00DH","90,00DH",,,,,,#REF!
146,,MULE FEM YZ010,MULES,FEMME,"249,00DH",36---40,CAMEL - BEIGE - NOIR - RAYURE TIGRE - SABLE,EN LIQUIDATION,"418,00DH","80,00DH","597,00DH","150,00DH","756,00DH","240,00DH","140,00DH","109,00DH","199,00DH","50,00DH","378,00DH","120,00DH","537,00DH","210,00DH","676,00DH","320,00DH","159,00DH","90,00DH",,,,,,#REF!
147,,SDL FEM YZ487,SANDALE,FEMME,"249,00DH",37---41,MARRON - BEIGE - NOIR - BLANC - BLEU CIEL - ROSE -SABLE ,EN COUR,"418,00DH","80,00DH","597,00DH","150,00DH","756,00DH","240,00DH","140,00DH","109,00DH","199,00DH","50,00DH","378,00DH","120,00DH","537,00DH","210,00DH","676,00DH","320,00DH","159,00DH","90,00DH",,,TALON,,,#REF!
148,,SDL FEM YZ117,SANDALE,FEMME,"249,00DH",37---41,MARRON - VERT - NOIR - BLANC - BLEU MARRINE- ROSE - GRENAT ,EN COUR,"418,00DH","80,00DH","597,00DH","150,00DH","756,00DH","240,00DH","140,00DH","109,00DH","199,00DH","50,00DH","378,00DH","120,00DH","537,00DH","210,00DH","676,00DH","320,00DH","159,00DH","90,00DH",,,TALON,,,#REF!
149,,SDL FEM YZ012,SANDALE,FEMME,"249,00DH",37---41,TABAC- NOIR - BEIGE - CUIVRE ,EN COUR,"418,00DH","80,00DH","597,00DH","150,00DH","756,00DH","240,00DH","140,00DH","109,00DH","199,00DH","50,00DH","378,00DH","120,00DH","537,00DH","210,00DH","676,00DH","320,00DH","159,00DH","90,00DH",,,TALON,,,#REF!
150,,SDL FEM YZ381,SANDALE,FEMME,"249,00DH",37---41,NOIR ,EN LIQUIDATION,"418,00DH","80,00DH","597,00DH","150,00DH","756,00DH","240,00DH","140,00DH","109,00DH","199,00DH","50,00DH","378,00DH","120,00DH","537,00DH","210,00DH","676,00DH","320,00DH","159,00DH","90,00DH",,,,,,#REF!
151,,SDL FEM YZ114,SANDALE,FEMME,"249,00DH",37---41,ROSE ,EN LIQUIDATION,"418,00DH","80,00DH","597,00DH","150,00DH","756,00DH","240,00DH","140,00DH","109,00DH","199,00DH","50,00DH","378,00DH","120,00DH","537,00DH","210,00DH","676,00DH","320,00DH","159,00DH","90,00DH",,,,,,#REF!
152,,SDL FEM YZ114 JEANS,SANDALE,FEMME,"249,00DH",37---41,TABAC- NOIR - BLEU CIEL,EN LIQUIDATION,"418,00DH","80,00DH","597,00DH","150,00DH","756,00DH","240,00DH","140,00DH","109,00DH","199,00DH","50,00DH","378,00DH","120,00DH","537,00DH","210,00DH","676,00DH","320,00DH","159,00DH","90,00DH",,,,,,#REF!
153,,SDL FEM YZ474,SANDALE,FEMME,"249,00DH",37---40,ROSE  - BEIGE ,EN LIQUIDATION,"418,00DH","80,00DH","597,00DH","150,00DH","756,00DH","240,00DH","140,00DH","109,00DH","199,00DH","50,00DH","378,00DH","120,00DH","537,00DH","210,00DH","676,00DH","320,00DH","159,00DH","90,00DH",,,,,,#REF!
154,,SDL FEM YZ464,SANDALE,FEMME,"249,00DH",37---40,MARRON ,EN LIQUIDATION,"418,00DH","80,00DH","597,00DH","150,00DH","756,00DH","240,00DH","140,00DH","109,00DH","199,00DH","50,00DH","378,00DH","120,00DH","537,00DH","210,00DH","676,00DH","320,00DH","159,00DH","90,00DH",,,,,,#REF!
155,,SDL FEM YZ115CROCCO,SANDALE,FEMME,"249,00DH",37---41,ROSE,EN LIQUIDATION,"418,00DH","80,00DH","597,00DH","150,00DH","756,00DH","240,00DH","140,00DH","109,00DH","199,00DH","50,00DH","378,00DH","120,00DH","537,00DH","210,00DH","676,00DH","320,00DH","159,00DH","90,00DH",,,,,,#REF!
156,,SDL FEM YZ94,SANDALE,FEMME,"249,00DH",37---41,NOIR - BLANC,EN LIQUIDATION,"418,00DH","80,00DH","597,00DH","150,00DH","756,00DH","240,00DH","140,00DH","109,00DH","199,00DH","50,00DH","378,00DH","120,00DH","537,00DH","210,00DH","676,00DH","320,00DH","159,00DH","90,00DH",,,,,,#REF!
157,,CHAUSS FEM YZ460,CHAUSSURE,FEMME,"179,00DH",37---41,MARRON - BLEU CIEL ,EN LIQUIDATION,,,,,,,,,,,,,,,,,,,,,,,,#REF!
158,,CHAUSS FEM YZ450,CHAUSSURE,FEMME,"249,00DH",37---41,MARRON - BEIGE - BLEU CIEL,EN LIQUIDATION,"418,00DH","80,00DH","597,00DH","150,00DH","756,00DH","240,00DH","140,00DH","109,00DH","199,00DH","50,00DH","378,00DH","120,00DH","537,00DH","210,00DH","676,00DH","320,00DH","159,00DH","90,00DH",,,,,,#REF!
159,,CHAUSS FEM YZ425,CHAUSSURE,FEMME,"299,00DH",37---41,TABAC- NOIR - TABAC - BLEU ,EN LIQUIDATION,"518,00DH","80,00DH","747,00DH","150,00DH","956,00DH","240,00DH","190,00DH","109,00DH","249,00DH","50,00DH","478,00DH","120,00DH","687,00DH","210,00DH","876,00DH","320,00DH","199,00DH","100,00DH",,,,,,#REF!
160,,SAB FEM YZ990,SABOT,FEMME,"299,00DH",36---40,MARRON- NOIR - BEIGE  ,EN LIQUIDATION,"518,00DH","80,00DH","747,00DH","150,00DH","956,00DH","240,00DH","190,00DH","109,00DH","249,00DH","50,00DH","478,00DH","120,00DH","687,00DH","210,00DH","876,00DH","320,00DH","199,00DH","100,00DH",,,,,,#REF!
161,,ESPA FEM YZ1020,ESPADRILLE,FEMME,"299,00DH",36---40,MARRON- NOIR - JAUNE- NOIR BLANC,EN LIQUIDATION,"518,00DH","80,00DH","747,00DH","150,00DH","956,00DH","240,00DH","190,00DH","109,00DH","249,00DH","50,00DH","478,00DH","120,00DH","687,00DH","210,00DH","876,00DH","320,00DH","199,00DH","100,00DH",,,,,,#REF!
162,,MULE FEM YZ409,MULES,FEMME,"299,00DH",36---40, NOIR - BEIGE  ,EN LIQUIDATION,"518,00DH","80,00DH","747,00DH","150,00DH","956,00DH","240,00DH","190,00DH","109,00DH","249,00DH","50,00DH","478,00DH","120,00DH","687,00DH","210,00DH","876,00DH","320,00DH","199,00DH","100,00DH",,,,,,#REF!
163,,ESPA FEM YZ04,ESPADRILLE,GARCON,"199,00DH",24-35,NOIR - ROSE -  BEIGE - GRIS - BLANC,EN LIQUIDATION,"350,00DH","48,00DH","477,00DH","120,00DH","596,00DH","200,00DH","100,00DH","99,00DH","169,00DH","30,00DH","328,00DH","70,00DH","417,00DH","180,00DH","516,00DH","280,00DH","119,00DH","80,00DH",,,,,,#REF!
164,,SAB FEM YZ60,SABOT,FEMME,"249,00DH",37---41,NOIR - MARRON,EN COUR,"418,00DH","80,00DH","597,00DH","150,00DH","756,00DH","240,00DH","140,00DH","109,00DH","199,00DH","50,00DH","378,00DH","120,00DH","537,00DH","210,00DH","676,00DH","320,00DH","159,00DH","90,00DH",,,TALON,,,#REF!
165,,SAB FEM YZ90,SABOT,FEMME,"249,00DH",37---40,NOIR - MARRON - BLEU,EN LIQUIDATION,"418,00DH","80,00DH","597,00DH","150,00DH","756,00DH","240,00DH","140,00DH","109,00DH","199,00DH","50,00DH","378,00DH","120,00DH","537,00DH","210,00DH","676,00DH","320,00DH","159,00DH","90,00DH",,,,,,#REF!
166,,CHAUSS FEM YZ372,CHAUSSURE,FEMME,"249,00DH",37---40,ROSE - MARRON,EN LIQUIDATION,"418,00DH","80,00DH","597,00DH","150,00DH","756,00DH","240,00DH","140,00DH","109,00DH","199,00DH","50,00DH","378,00DH","120,00DH","537,00DH","210,00DH","676,00DH","320,00DH","159,00DH","90,00DH",,,,,,#REF!
167,,CHAUSS FEM YZ470,CHAUSSURE,FEMME,"299,00DH",37---40,MARRON- NOIR - BEIGE - TABAC ,EN LIQUIDATION,"518,00DH","80,00DH","747,00DH","150,00DH","956,00DH","240,00DH","190,00DH","109,00DH","249,00DH","50,00DH","478,00DH","120,00DH","687,00DH","210,00DH","876,00DH","320,00DH","199,00DH","100,00DH",,,,,,#REF!
168,,SDL FEMME YZ115 MAT,SANDALE,FEMME,"249,00DH",37---41,BRIGE - CUVRE - BLEU CIEL,EN LIQUIDATION,"418,00DH","80,00DH","597,00DH","150,00DH","756,00DH","240,00DH","140,00DH","109,00DH","199,00DH","50,00DH","378,00DH","120,00DH","537,00DH","210,00DH","676,00DH","320,00DH","159,00DH","90,00DH",,,,,,#REF!
169,,SDL FEM YZ55,SANDALE,FEMME,"299,00DH",37---40,ROSE - BLEU CIEL,EN LIQUIDATION,"518,00DH","80,00DH","747,00DH","150,00DH","956,00DH","240,00DH","190,00DH","109,00DH","249,00DH","50,00DH","478,00DH","120,00DH","687,00DH","210,00DH","876,00DH","320,00DH","199,00DH","100,00DH",,,,,,#REF!
170,,SAB FEM YZ70,SABOT,FEMME,"249,00DH",37---40,CAMEL,EN LIQUIDATION,"418,00DH","80,00DH","597,00DH","150,00DH","756,00DH","240,00DH","140,00DH","109,00DH","199,00DH","50,00DH","378,00DH","120,00DH","537,00DH","210,00DH","676,00DH","320,00DH","159,00DH","90,00DH",,,,,,#REF!
171,,SAB FEM YZ93,SABOT,FEMME,"249,00DH",37---40,SABLE,EN LIQUIDATION,"418,00DH","80,00DH","597,00DH","150,00DH","756,00DH","240,00DH","140,00DH","109,00DH","199,00DH","50,00DH","378,00DH","120,00DH","537,00DH","210,00DH","676,00DH","320,00DH","159,00DH","90,00DH",,,,,,#REF!
172,,CHAUSS FEM YZ247,CHAUSSURE,FEMME,"299,00DH",36---40,MARRON- NOIR ,EN COUR,"518,00DH","80,00DH","747,00DH","150,00DH","956,00DH","240,00DH","190,00DH","109,00DH","249,00DH","50,00DH","478,00DH","120,00DH","687,00DH","210,00DH","876,00DH","320,00DH","199,00DH","100,00DH",,,,,,#REF!
173,,MULE FEM YZ011,MULES,FEMME,"249,00DH",37---41,CAMEL - BLANC  BEIGE  ,EN TEST,"418,00DH","80,00DH","597,00DH","150,00DH","756,00DH","240,00DH","140,00DH","109,00DH","199,00DH","50,00DH","378,00DH","120,00DH","537,00DH","210,00DH","676,00DH","320,00DH","159,00DH","90,00DH",,,,,,#REF!
174,,SDL HOM YZ625,SANDALE,HOMME,"345,00DH",40 - 44,MARRON- NOIR - TABAC,EN COUR,"610,00DH","80,00DH","885,00DH","150,00DH","1 140,00DH","240,00DH","236,00DH","109,00DH","295,00DH","50,00DH","570,00DH","120,00DH","825,00DH","210,00DH","1 060,00DH","320,00DH","245,00DH","100,00DH",,,,,,#REF!
175,,SDL HOM YZ770,SANDALE,HOMME,"299,00DH",40 - 44, NOIR - MARRON,EN COUR,"518,00DH","80,00DH","747,00DH","150,00DH","956,00DH","240,00DH","190,00DH","109,00DH","249,00DH","50,00DH","478,00DH","120,00DH","687,00DH","210,00DH","876,00DH","320,00DH","199,00DH","100,00DH",,,,,,#REF!
176,,SDL HOM YZ630,SANDALE,HOMME,"319,00DH",40 - 44,MARRON- NOIR - TABAC,EN COUR,"558,00DH","80,00DH","807,00DH","150,00DH","1 036,00DH","240,00DH","210,00DH","109,00DH","269,00DH","50,00DH","518,00DH","120,00DH","747,00DH","210,00DH","956,00DH","320,00DH","219,00DH","100,00DH",,,,,,#REF!
177,,SDL HOM YZ620,SANDALE,HOMME,"349,00DH",39 - 45,MARRON- NOIR - TABAC,EN COUR,"618,00DH","80,00DH","897,00DH","150,00DH","1 156,00DH","240,00DH","240,00DH","109,00DH","299,00DH","50,00DH","578,00DH","120,00DH","837,00DH","210,00DH","1 076,00DH","320,00DH","249,00DH","100,00DH",,,,,,#REF!
178,,SDL HOM YZ740,SANDALE,HOMME,"299,00DH",40 - 44,MARRON- NOIR,EN COUR,"518,00DH","80,00DH","747,00DH","150,00DH","956,00DH","240,00DH","190,00DH","109,00DH","249,00DH","50,00DH","478,00DH","120,00DH","687,00DH","210,00DH","876,00DH","320,00DH","199,00DH","100,00DH",,,,,,#REF!
179,,SDL HOM YZ751,SANDALE,HOMME,"345,00DH",40 - 44,MARRON- NOIR ,EN LIQUIDATION,"610,00DH","80,00DH","885,00DH","150,00DH","1 140,00DH","240,00DH","236,00DH","109,00DH","295,00DH","50,00DH","570,00DH","120,00DH","825,00DH","210,00DH","1 060,00DH","320,00DH","245,00DH","100,00DH",,,,,,#REF!
180,,SDL HOM YZ750,SANDALE,HOMME,"345,00DH",40 - 44,NOIR ,EN LIQUIDATION,"610,00DH","80,00DH","885,00DH","150,00DH","1 140,00DH","240,00DH","236,00DH","109,00DH","295,00DH","50,00DH","570,00DH","120,00DH","825,00DH","210,00DH","1 060,00DH","320,00DH","245,00DH","100,00DH",,,,,,#REF!
181,,SDL HOM YZ790,SANDALE,HOMME,"345,00DH",40 - 44,NOIR ,EN LIQUIDATION,"610,00DH","80,00DH","885,00DH","150,00DH","1 140,00DH","240,00DH","236,00DH","109,00DH","295,00DH","50,00DH","570,00DH","120,00DH","825,00DH","210,00DH","1 060,00DH","320,00DH","245,00DH","100,00DH",,,,,,#REF!
182,,SDL HOM YZ640,SANDALE,HOMME,"319,00DH",40 - 44,MARRON,EN LIQUIDATION,"558,00DH","80,00DH","807,00DH","150,00DH","1 036,00DH","240,00DH","210,00DH","109,00DH","269,00DH","50,00DH","518,00DH","120,00DH","747,00DH","210,00DH","956,00DH","320,00DH","219,00DH","100,00DH",,,,,,#REF!
183,,SDL HOM YZ780,SANDALE,HOMME,"349,00DH",40 - 44,NOIR,EN LIQUIDATION,"618,00DH","80,00DH","897,00DH","150,00DH","1 156,00DH","240,00DH","240,00DH","109,00DH","299,00DH","50,00DH","578,00DH","120,00DH","837,00DH","210,00DH","1 076,00DH","320,00DH","249,00DH","100,00DH",,,,,,#REF!
184,,SAB HOM YZ105,SABOT,HOMME,"345,00DH",40 - 44,NOIR,EN LIQUIDATION,"610,00DH","80,00DH","885,00DH","150,00DH","1 140,00DH","240,00DH","236,00DH","109,00DH","295,00DH","50,00DH","570,00DH","120,00DH","825,00DH","210,00DH","1 060,00DH","320,00DH","245,00DH","100,00DH",,,,,,#REF!
185,,SDL HOM YZ810,SANDALE,HOMME,"299,00DH",40 - 44,NOIR ,EN LIQUIDATION,"518,00DH","80,00DH","747,00DH","150,00DH","956,00DH","240,00DH","190,00DH","109,00DH","249,00DH","50,00DH","478,00DH","120,00DH","687,00DH","210,00DH","876,00DH","320,00DH","199,00DH","100,00DH",,,,,,#REF!
186,,SDL HOM YZ635,SANDALE,HOMME,"319,00DH",40 - 44,MARRON,EN LIQUIDATION,"558,00DH","80,00DH","807,00DH","150,00DH","1 036,00DH","240,00DH","210,00DH","109,00DH","269,00DH","50,00DH","518,00DH","120,00DH","747,00DH","210,00DH","956,00DH","320,00DH","219,00DH","100,00DH",,,,,,#REF!
187,,ESPA HOM YZ645,ESPADRILLE,HOMME,"299,00DH",40 - 44,NOIR - BLEU,EN LIQUIDATION,"518,00DH","80,00DH","747,00DH","150,00DH","956,00DH","240,00DH","190,00DH","109,00DH","249,00DH","50,00DH","478,00DH","120,00DH","687,00DH","210,00DH","876,00DH","320,00DH","199,00DH","100,00DH",,,,,,#REF!
188,,SAB FEM YZ510,SANDALE,HOMME,"345,00DH",40 - 44,MARRON- NOIR - BLEU MARRINE,EN LIQUIDATION,"610,00DH","80,00DH","885,00DH","150,00DH","1 140,00DH","240,00DH","236,00DH","109,00DH","295,00DH","50,00DH","570,00DH","120,00DH","825,00DH","210,00DH","1 060,00DH","320,00DH","245,00DH","100,00DH",,,,,,#REF!
189,,CHAUSS FEM YZ475,CHAUSSURE,FEMME,"279,00DH",37---40,MARRON- BEIGE  ,EN TEST,"478,00DH","80,00DH","687,00DH","150,00DH","876,00DH","240,00DH","170,00DH","109,00DH","229,00DH","50,00DH","438,00DH","120,00DH","627,00DH","210,00DH","796,00DH","320,00DH","179,00DH","100,00DH",,,,,,#REF!
190,,SDL FEM YZ925,SANDALE,FEMME,"319,00DH",37---40,MARRON- NOIR - BEIGE - BLANC,EN TEST,"558,00DH","80,00DH","807,00DH","150,00DH","1 036,00DH","240,00DH","210,00DH","109,00DH","269,00DH","50,00DH","518,00DH","120,00DH","747,00DH","210,00DH","956,00DH","320,00DH","219,00DH","100,00DH",,,,,,#REF!
191,,SAB FEM YZ30,SABOT,FEMME,"229,00DH",36-41,MARRON- NOIR - BLEU MARRINE,EN COUR,"398,00DH","60,00DH","537,00DH","150,00DH","676,00DH","240,00DH","120,00DH","109,00DH","179,00DH","50,00DH","338,00DH","120,00DH","477,00DH","210,00DH","596,00DH","320,00DH","139,00DH","90,00DH",,,PLAT,,,#REF!
192,,SAB FEM YZ83,SABOT,FEMME,"229,00DH",37---41, NOIR ,EN LIQUIDATION,"398,00DH","60,00DH","537,00DH","150,00DH","676,00DH","240,00DH","120,00DH","109,00DH","179,00DH","50,00DH","338,00DH","120,00DH","477,00DH","210,00DH","596,00DH","320,00DH","139,00DH","90,00DH",,,,,,#REF!
193,,SAB FEM YZ62,SABOT,FEMME,"249,00DH",37---40,MARRON- NOIR - BEIGE  ,EN LIQUIDATION,"418,00DH","80,00DH","597,00DH","150,00DH","756,00DH","240,00DH","140,00DH","109,00DH","199,00DH","50,00DH","378,00DH","120,00DH","537,00DH","210,00DH","676,00DH","320,00DH","159,00DH","90,00DH",,,,,,#REF!
194,,SDL FEM YZ118,SANDALE,FEMME,"249,00DH",37---41,GRENAT,EN LIQUIDATION,"418,00DH","80,00DH","597,00DH","150,00DH","756,00DH","240,00DH","140,00DH","109,00DH","199,00DH","50,00DH","378,00DH","120,00DH","537,00DH","210,00DH","676,00DH","320,00DH","159,00DH","90,00DH",,,,,,#REF!
195,,SDL FEM YZ35,SANDALE,FEMME,"229,00DH",37---40,ROSE,EN LIQUIDATION,"398,00DH","60,00DH","537,00DH","150,00DH","676,00DH","240,00DH","120,00DH","109,00DH","179,00DH","50,00DH","338,00DH","120,00DH","477,00DH","210,00DH","596,00DH","320,00DH","139,00DH","90,00DH",,,,,,#REF!
196,,SDL FEM YZ95,SANDALE,FEMME,"269,00DH",37---41, BEIGE  ,EN LIQUIDATION,"458,00DH","80,00DH","657,00DH","150,00DH","836,00DH","240,00DH","160,00DH","109,00DH","219,00DH","50,00DH","418,00DH","120,00DH","597,00DH","210,00DH","756,00DH","320,00DH","179,00DH","90,00DH",,,,,,#REF!
197,,SDL FEM YZ476,SANDALE,FEMME,"249,00DH",37---41, BEIGE  ,EN LIQUIDATION,"418,00DH","80,00DH","597,00DH","150,00DH","756,00DH","240,00DH","140,00DH","109,00DH","199,00DH","50,00DH","378,00DH","120,00DH","537,00DH","210,00DH","676,00DH","320,00DH","159,00DH","90,00DH",,,,,,#REF!
198,,CHAUSS FEM YZ465,CHAUSSURE,FEMME,"299,00DH",37---41,TABAC ,EN LIQUIDATION,"518,00DH","80,00DH","747,00DH","150,00DH","956,00DH","240,00DH","190,00DH","109,00DH","249,00DH","50,00DH","478,00DH","120,00DH","687,00DH","210,00DH","876,00DH","320,00DH","199,00DH","100,00DH",,,,,,#REF!
199,,CHAUSS FEM 250,CHAUSSURE,FEMME,"299,00DH",37---41,MARRON,EN LIQUIDATION,"518,00DH","80,00DH","747,00DH","150,00DH","956,00DH","240,00DH","190,00DH","109,00DH","249,00DH","50,00DH","478,00DH","120,00DH","687,00DH","210,00DH","876,00DH","320,00DH","199,00DH","100,00DH",,,,,,#REF!
200,,CHAUSS FEM YZ480,CHAUSSURE,FEMME,"279,00DH",37---40,NOIR,EN LIQUIDATION,"478,00DH","80,00DH","687,00DH","150,00DH","876,00DH","240,00DH","170,00DH","109,00DH","229,00DH","50,00DH","438,00DH","120,00DH","627,00DH","210,00DH","796,00DH","320,00DH","179,00DH","100,00DH",,,,,,#REF!
201,,CHAUSS FEM YZ380,CHAUSSURE,FEMME,"299,00DH",37---40,NOIR,EN LIQUIDATION,"518,00DH","80,00DH","747,00DH","150,00DH","956,00DH","240,00DH","190,00DH","109,00DH","249,00DH","50,00DH","478,00DH","120,00DH","687,00DH","210,00DH","876,00DH","320,00DH","199,00DH","100,00DH",,,,,,#REF!
202,,SAB FEM YZ67,SABOT,FEMME,"199,00DH",37---40,ROSE,EN LIQUIDATION,"350,00DH","48,00DH","477,00DH","120,00DH","596,00DH","200,00DH","100,00DH","99,00DH","169,00DH","30,00DH","328,00DH","70,00DH","417,00DH","180,00DH","516,00DH","280,00DH","119,00DH","80,00DH",,,,,,#REF!
203,,SAB FEM YZ153,SABOT,FEMME,"199,00DH",37---41,BEIGE - BLANC ,EN LIQUIDATION,"350,00DH","48,00DH","477,00DH","120,00DH","596,00DH","200,00DH","100,00DH","99,00DH","169,00DH","30,00DH","328,00DH","70,00DH","417,00DH","180,00DH","516,00DH","280,00DH","119,00DH","80,00DH",,,,,,#REF!
204,,SAC FEM YZ067,SAC,FEMME,"299,00DH",,VERT  - BEIGE  ,EN COUR,"518,00DH","80,00DH","747,00DH","150,00DH","956,00DH","240,00DH","190,00DH","109,00DH","249,00DH","50,00DH","478,00DH","120,00DH","687,00DH","210,00DH","876,00DH","320,00DH","199,00DH","100,00DH",,,,,,#REF!
205,,SAB FEM YZ151,SABOT,FEMME,"249,00DH",37---41,BLANC,EN LIQUIDATION,"418,00DH","80,00DH","597,00DH","150,00DH","756,00DH","240,00DH","140,00DH","109,00DH","199,00DH","50,00DH","378,00DH","120,00DH","537,00DH","210,00DH","676,00DH","320,00DH","159,00DH","90,00DH",,,,,,#REF!
206,,SDL FEM YZ409,SANDALE,FEMME,"239,00DH",36---40,NOIR-SABLE-BEIGE-BLANC,EN TEST,"408,00DH","70,00DH","567,00DH","150,00DH","716,00DH","240,00DH","130,00DH","109,00DH","189,00DH","50,00DH","358,00DH","120,00DH","507,00DH","210,00DH","636,00DH","320,00DH","149,00DH","90,00DH",,,,,,#REF!
207,,SDL FEM YZ412,SANDALE,FEMME,"285,00DH",36---40,NOIR-SABLE-BEIGE-BLANC,EN TEST,"490,00DH","80,00DH","705,00DH","150,00DH","900,00DH","240,00DH","176,00DH","109,00DH","235,00DH","50,00DH","450,00DH","120,00DH","645,00DH","210,00DH","820,00DH","320,00DH","185,00DH","100,00DH",,,,,,#REF!
208,,SDL FEM YZ86,SANDALE,FEMME,"239,00DH",37---41,MARRON- NOIR - BEIGE  ,EN COUR,"408,00DH","70,00DH","567,00DH","150,00DH","716,00DH","240,00DH","130,00DH","109,00DH","189,00DH","50,00DH","358,00DH","120,00DH","507,00DH","210,00DH","636,00DH","320,00DH","149,00DH","90,00DH",,,PALTE,,,#REF!
209,,SDL FEM YZ85,SANDALE,FEMME,"199,00DH",36---40,TABAC- NOIR - BEIGE-SABLE  ,EN TEST,"350,00DH","48,00DH","477,00DH","120,00DH","596,00DH","200,00DH","100,00DH","99,00DH","169,00DH","30,00DH","328,00DH","70,00DH","417,00DH","180,00DH","516,00DH","280,00DH","119,00DH","80,00DH",,,,,,#REF!
210,,SDL FEM YZ87,SANDALE,FEMME,"199,00DH",37---41,MARRON- NOIR - BEIGE  -SABLE,EN TEST,"318,00DH","80,00DH","447,00DH","150,00DH","556,00DH","240,00DH","90,00DH","109,00DH","149,00DH","50,00DH","278,00DH","120,00DH","387,00DH","210,00DH","476,00DH","320,00DH","99,00DH","100,00DH",,,,,,#REF!
211,,SDL FEM YZ206,SANDALE,FEMME,"259,00DH",37---41,ROSE- NOIR - BEIGE  -BLEU,EN TEST,"438,00DH","80,00DH","627,00DH","150,00DH","796,00DH","240,00DH","150,00DH","109,00DH","209,00DH","50,00DH","398,00DH","120,00DH","567,00DH","210,00DH","716,00DH","320,00DH","159,00DH","100,00DH",,,,,,#REF!
212,,SDL FEM YZ213,SANDALE,FEMME,"269,00DH",37---41,MARRON- NOIR - BEIGE  -SABLE,EN TEST,"458,00DH","80,00DH","657,00DH","150,00DH","836,00DH","240,00DH","160,00DH","109,00DH","219,00DH","50,00DH","418,00DH","120,00DH","597,00DH","210,00DH","756,00DH","320,00DH","169,00DH","100,00DH",,,,,,#REF!
213,,SDL FEM YZ217,SANDALE,FEMME,"269,00DH",37---41,MARRON- NOIR - BEIGE  ,EN TEST,"458,00DH","80,00DH","657,00DH","150,00DH","836,00DH","240,00DH","160,00DH","109,00DH","219,00DH","50,00DH","418,00DH","120,00DH","597,00DH","210,00DH","756,00DH","320,00DH","169,00DH","100,00DH",,,,,,
214,,SAB FEM YZ94,SABOT,FEMME,"249,00DH",37---41,NOIR ,EN LIQUIDATION,"418,00DH","80,00DH","597,00DH","150,00DH","756,00DH","240,00DH","140,00DH","109,00DH","199,00DH","50,00DH","378,00DH","120,00DH","537,00DH","210,00DH","676,00DH","320,00DH","149,00DH","100,00DH",,,,,,#REF!
215,,SAB FEM YZ985,SABOT,FEMME,"299,00DH",36---40,MARRON- NOIR - BEIGE  ,EN LIQUIDATION,"518,00DH","80,00DH","747,00DH","150,00DH","956,00DH","240,00DH","190,00DH","109,00DH","249,00DH","50,00DH","478,00DH","120,00DH","687,00DH","210,00DH","876,00DH","320,00DH","199,00DH","100,00DH",,,,,,#REF!
216,,ESPA FEM YZ2060,ESPADRILLE,FEMME,"299,00DH",37---40, NOIR ,EN LIQUIDATION,"518,00DH","80,00DH","747,00DH","150,00DH","956,00DH","240,00DH","190,00DH","109,00DH","249,00DH","50,00DH","478,00DH","120,00DH","687,00DH","210,00DH","876,00DH","320,00DH","199,00DH","100,00DH",,,,,,#REF!
217,,SAB FEM YZ32,SABOT,FEMME,"249,00DH",36---40,,--,"418,00DH","80,00DH","597,00DH","150,00DH","756,00DH","240,00DH","140,00DH","109,00DH","199,00DH","50,00DH","378,00DH","120,00DH","537,00DH","210,00DH","676,00DH","320,00DH","149,00DH","100,00DH",,,,,,
218,,CHAUSS FEM YZ425,CHAUSSURE,FEMME,"299,00DH",36---40,,--,"518,00DH","80,00DH","747,00DH","150,00DH","956,00DH","240,00DH","190,00DH","109,00DH","249,00DH","50,00DH","478,00DH","120,00DH","687,00DH","210,00DH","876,00DH","320,00DH","199,00DH","100,00DH",,,,,,#REF!
219,,CHAUSS FEM YZ1360,CHAUSSURE,FEMME,"265,00DH",37---40,MARRON- NOIR - BEIGE - BLEU,EN TEST,"450,00DH","80,00DH","645,00DH","150,00DH","820,00DH","240,00DH","156,00DH","109,00DH","215,00DH","50,00DH","410,00DH","120,00DH","585,00DH","210,00DH","740,00DH","320,00DH","165,00DH","100,00DH",,,,,,#REF!
220,,ESCA FEM YZ1110,ESCARPINS,FEMME,"259,00DH",37---40,GRENAT - BEIGE - MARRON - NOIR,EN COUR,"438,00DH","80,00DH","627,00DH","150,00DH","796,00DH","240,00DH","150,00DH","109,00DH","209,00DH","50,00DH","398,00DH","120,00DH","567,00DH","210,00DH","716,00DH","320,00DH","159,00DH","100,00DH",,,,,,#REF!
221,,MULE FEM YZ1121,MULES,FEMME,"289,00DH",36-41,BEIGE - ROUGE - NOIR  - MARRON - SAUMON - DOREE - GRIS NOIR ,EN COUR,"498,00DH","80,00DH","717,00DH","150,00DH","916,00DH","240,00DH","180,00DH","109,00DH","239,00DH","50,00DH","458,00DH","120,00DH","657,00DH","210,00DH","836,00DH","320,00DH","189,00DH","100,00DH",,,,,,#REF!
222,,ESCA FEM YZ1114,ESCARPINS,FEMME,"279,00DH",37---40,ROUGE - NOIR - MARRON - BLANC - BEIGE - GRENAT,EN COUR,"478,00DH","80,00DH","687,00DH","150,00DH","876,00DH","240,00DH","170,00DH","109,00DH","229,00DH","50,00DH","438,00DH","120,00DH","627,00DH","210,00DH","796,00DH","320,00DH","179,00DH","100,00DH",,,,,,#REF!
223,,ESCA FEM YZ1112,ESCARPINS,FEMME,"279,00DH",37---40,BLEU CIEL - BLEU JEANS - BEIGE - NOIR,EN COUR,"478,00DH","80,00DH","687,00DH","150,00DH","876,00DH","240,00DH","170,00DH","109,00DH","229,00DH","50,00DH","438,00DH","120,00DH","627,00DH","210,00DH","796,00DH","320,00DH","179,00DH","100,00DH",,,,,,#REF!
224,,CHAUSS FEM YZ1361,CHAUSSURE,FEMME,"299,00DH",37---40,BLEU CIEL - BLEU MARRINE - NOIR - BEIGE,EN TEST,"518,00DH","80,00DH","747,00DH","150,00DH","956,00DH","240,00DH","190,00DH","109,00DH","249,00DH","50,00DH","478,00DH","120,00DH","687,00DH","210,00DH","876,00DH","320,00DH","199,00DH","100,00DH",,,,,,#REF!
225,,CHAUSS FEM YZ1363,CHAUSSURE,FEMME,"299,00DH",37---40,NOIR - BEIGE ,EN TEST,"518,00DH","80,00DH","747,00DH","150,00DH","956,00DH","240,00DH","190,00DH","109,00DH","249,00DH","50,00DH","478,00DH","120,00DH","687,00DH","210,00DH","876,00DH","320,00DH","199,00DH","100,00DH",,,,,,#REF!
226,,CHAUSS FEM YZ1364,CHAUSSURE,FEMME,"319,00DH",37---40,SERPENT,EN TEST,"558,00DH","80,00DH","807,00DH","150,00DH","1 036,00DH","240,00DH","210,00DH","109,00DH","269,00DH","50,00DH","518,00DH","120,00DH","747,00DH","210,00DH","956,00DH","320,00DH","219,00DH","100,00DH",,,,,,#REF!
227,,CHAUSS FEM YZ1362,CHAUSSURE,FEMME,"299,00DH",37---40,HUILE - SOMO- MARRON - ROUGE - BEIGE,EN TEST,"518,00DH","80,00DH","747,00DH","150,00DH","956,00DH","240,00DH","190,00DH","109,00DH","249,00DH","50,00DH","478,00DH","120,00DH","687,00DH","210,00DH","876,00DH","320,00DH","199,00DH","100,00DH",,,,,,#REF!
228,,ESCA FEM YZ1115,ESCARPINS,FEMME,"259,00DH",37---40,noir - marron - beige,EN TEST,"438,00DH","80,00DH","627,00DH","150,00DH","796,00DH","240,00DH","150,00DH","109,00DH","209,00DH","50,00DH","398,00DH","120,00DH","567,00DH","210,00DH","716,00DH","320,00DH","159,00DH","100,00DH",,,,,,#REF!
229,,SDL FEM YZ496,SANDALE,FEMME,"279,00DH",36---40,BLEU - ROSE - CAMEL - NOIR - BEIGE ,EN COUR,"478,00DH","80,00DH","687,00DH","150,00DH","876,00DH","240,00DH","170,00DH","109,00DH","229,00DH","50,00DH","438,00DH","120,00DH","627,00DH","210,00DH","796,00DH","320,00DH","179,00DH","100,00DH",,,,,,#REF!
230,,SDL FEM YZ1366,SANDALE,FEMME,"269,00DH",37---40,NOIR - GRENAT - BLANC - TABAC BEIGE,EN COUR,"458,00DH","80,00DH","657,00DH","150,00DH","836,00DH","240,00DH","160,00DH","109,00DH","219,00DH","50,00DH","418,00DH","120,00DH","597,00DH","210,00DH","756,00DH","320,00DH","169,00DH","100,00DH",,,,,,#REF!
231,,SDL FEM YZ1365,SANDALE,FEMME,"269,00DH",37---40,NOIR - GRENAT -BLANC -SABLE - BEIGE ,EN TEST,"458,00DH","80,00DH","657,00DH","150,00DH","836,00DH","240,00DH","160,00DH","109,00DH","219,00DH","50,00DH","418,00DH","120,00DH","597,00DH","210,00DH","756,00DH","320,00DH","169,00DH","100,00DH",,,,,,#REF!
232,,ESCA FEM YZ1116,ESCARPINS,FEMME,"269,00DH",37---40,BLANC - NOIR -BEIGE - ROSE - SABLE ,EN TEST,"458,00DH","80,00DH","657,00DH","150,00DH","836,00DH","240,00DH","160,00DH","109,00DH","219,00DH","50,00DH","418,00DH","120,00DH","597,00DH","210,00DH","756,00DH","320,00DH","169,00DH","100,00DH",,,,,,#REF!
233,,ESCA FEM YZ1118,ESCARPINS,FEMME,"269,00DH",37---40,BLEU - NOIR - MARRON - ROSE -BEIGE - SABLE - TABAC ,EN COUR,"458,00DH","80,00DH","657,00DH","150,00DH","836,00DH","240,00DH","160,00DH","109,00DH","219,00DH","50,00DH","418,00DH","120,00DH","597,00DH","210,00DH","756,00DH","320,00DH","169,00DH","100,00DH",,,,,,#REF!
234,,SDL FEM YZ121,SANDALE,FEMME,"259,00DH",37---41,NOIR-MARRON- BEIGE- BLEU ,EN TEST,"438,00DH","80,00DH","627,00DH","150,00DH","796,00DH","240,00DH","150,00DH","109,00DH","209,00DH","50,00DH","398,00DH","120,00DH","567,00DH","210,00DH","716,00DH","320,00DH","159,00DH","100,00DH",,,,,,#REF!
235,,SDL FEM YZ493,SANDALE,FEMME,"259,00DH",37---40,bleu ciel - beige - noir - marron - blanc,EN TEST,"438,00DH","80,00DH","627,00DH","150,00DH","796,00DH","240,00DH","150,00DH","109,00DH","209,00DH","50,00DH","398,00DH","120,00DH","567,00DH","210,00DH","716,00DH","320,00DH","159,00DH","100,00DH",,,,,,#REF!
236,,SDL FEM YZ495,SANDALE,FEMME,"285,00DH",36---40,MARRON - NOIR - CAMEL - BEIGE ,EN TEST,"490,00DH","80,00DH","705,00DH","150,00DH","900,00DH","240,00DH","176,00DH","109,00DH","235,00DH","50,00DH","450,00DH","120,00DH","645,00DH","210,00DH","820,00DH","320,00DH","185,00DH","100,00DH",,,,,,#REF!
237,,SDL FEM YZ337,SANDALE,FEMME,"239,00DH",37---41,NOIR- BEIGE-TABAC- MARRON,EN TEST,"398,00DH","80,00DH","567,00DH","150,00DH","716,00DH","240,00DH","130,00DH","109,00DH","189,00DH","50,00DH","358,00DH","120,00DH","507,00DH","210,00DH","636,00DH","320,00DH","139,00DH","100,00DH",,,,,,#REF!
238,, SDL FEM YZ494,SANDALE,FEMME,"279,00DH",37---40,blanc - beige - sable - noir,EN TEST,"478,00DH","80,00DH","687,00DH","150,00DH","876,00DH","240,00DH","170,00DH","109,00DH","229,00DH","50,00DH","438,00DH","120,00DH","627,00DH","210,00DH","796,00DH","320,00DH","179,00DH","100,00DH",,,,,,#REF!
239,,SDL FEM YZ498,SANDALE,FEMME,"299,00DH",36---40,ROSE - CAMEL - BLEU CIEL - BEIGE - NOIR ,EN TEST,"518,00DH","80,00DH","747,00DH","150,00DH","956,00DH","240,00DH","190,00DH","109,00DH","249,00DH","50,00DH","478,00DH","120,00DH","687,00DH","210,00DH","876,00DH","320,00DH","199,00DH","100,00DH",,,,,,#REF!
240,,SDL FEM YZ499,SANDALE,FEMME,"299,00DH",37---40,ROSE - BEIGE - CAMEL - BLEU CIEL - NOIR ,EN TEST,"518,00DH","80,00DH","747,00DH","150,00DH","956,00DH","240,00DH","190,00DH","109,00DH","249,00DH","50,00DH","478,00DH","120,00DH","687,00DH","210,00DH","876,00DH","320,00DH","199,00DH","100,00DH",,,,,,#REF!
241,,SDL FEM YZ930,SANDALE,FEMME,"299,00DH",37---40,noir - marron - beige - BLANC ,EN COUR,"518,00DH","80,00DH","747,00DH","150,00DH","956,00DH","240,00DH","190,00DH","109,00DH","249,00DH","50,00DH","478,00DH","120,00DH","687,00DH","210,00DH","876,00DH","320,00DH","199,00DH","100,00DH",,,,,,#REF!
242,,SDL FEM YZ88,SANDALE,FEMME,"239,00DH",37---41,NOIR - MARRON - BEIGE,EN COUR,"408,00DH","70,00DH","567,00DH","150,00DH","716,00DH","240,00DH","130,00DH","109,00DH","189,00DH","50,00DH","358,00DH","120,00DH","507,00DH","210,00DH","636,00DH","320,00DH","149,00DH","90,00DH",,,,,,#REF!
243,,SDL FEM YZ541 DAIM,SANDALE,FEMME,"249,00DH",37---41,sable - noir - beige - tabac,EN TEST,"418,00DH","80,00DH","597,00DH","150,00DH","756,00DH","240,00DH","140,00DH","109,00DH","199,00DH","50,00DH","378,00DH","120,00DH","537,00DH","210,00DH","676,00DH","320,00DH","149,00DH","100,00DH",,,,,,#REF!
244,,SDL FEM YZ123,SANDALE,FEMME,"249,00DH",37---41,NOIR-VERT-ROSE -BLEU CIEL - BLEU MARINE- GRENAT -MARRON - BEIGE ,EN COUR,"418,00DH","80,00DH","597,00DH","150,00DH","756,00DH","240,00DH","140,00DH","109,00DH","199,00DH","50,00DH","378,00DH","120,00DH","537,00DH","210,00DH","676,00DH","320,00DH","149,00DH","100,00DH",,,,,,#REF!
245,,SDL FEM YZ110,SANDALE,FEMME,"219,00DH",37---41,NOIR - BEIGE - BLEU MARINE - GRENAT,EN TEST,"388,00DH","50,00DH","522,00DH","135,00DH","656,00DH","220,00DH","110,00DH","109,00DH","174,00DH","45,00DH","328,00DH","110,00DH","462,00DH","195,00DH","576,00DH","300,00DH","134,00DH","85,00DH",,,,,,#REF!
246,,SDL FEM YZ540 DANE,SABOT,FEMME,"249,00DH",37---41,sable - marron - noir - beige,EN TEST,"418,00DH","80,00DH","597,00DH","150,00DH","756,00DH","240,00DH","140,00DH","109,00DH","199,00DH","50,00DH","378,00DH","120,00DH","537,00DH","210,00DH","676,00DH","320,00DH","149,00DH","100,00DH",,,,,,#REF!
247,,CHAUSS FEM YZ130,CHAUSSURE,FEMME,"279,00DH",37---41,BEIGE - MARRON - NOIR,EN TEST,"478,00DH","80,00DH","687,00DH","150,00DH","876,00DH","240,00DH","170,00DH","109,00DH","229,00DH","50,00DH","438,00DH","120,00DH","627,00DH","210,00DH","796,00DH","320,00DH","179,00DH","100,00DH",,,,,,#REF!
248,,SDL FEM YZ548,SANDALE,FEMME,"199,00DH",37---41,NOIR - BEIGE - MARRON- SABLE,EN TEST,"318,00DH","80,00DH","447,00DH","150,00DH","556,00DH","240,00DH","90,00DH","109,00DH","149,00DH","50,00DH","278,00DH","120,00DH","387,00DH","210,00DH","476,00DH","320,00DH","99,00DH","100,00DH",,,,,,#REF!
249,,SDL FEM YZ547,SANDALE,FEMME,"259,00DH",37---41,NOIR - BEIGE - MARRON,EN TEST,"438,00DH","80,00DH","627,00DH","150,00DH","796,00DH","240,00DH","150,00DH","109,00DH","209,00DH","50,00DH","398,00DH","120,00DH","567,00DH","210,00DH","716,00DH","320,00DH","159,00DH","100,00DH",,,,,,#REF!
250,,SDL FEM YZ546,SANDALE,FEMME,"259,00DH",37---41,NOIR - BEIGE - MARRON,EN TEST,"438,00DH","80,00DH","627,00DH","150,00DH","796,00DH","240,00DH","150,00DH","109,00DH","209,00DH","50,00DH","398,00DH","120,00DH","567,00DH","210,00DH","716,00DH","320,00DH","159,00DH","100,00DH",,,,,,#REF!
251,,SDL FEM YZ572,SANDALE,FEMME,"279,00DH",37---40,NOIR - BEIGE - MARRON- BLEU CIEL ,EN TEST,"478,00DH","80,00DH","687,00DH","150,00DH","876,00DH","240,00DH","170,00DH","109,00DH","229,00DH","50,00DH","438,00DH","120,00DH","627,00DH","210,00DH","796,00DH","320,00DH","179,00DH","100,00DH",,,,,,#REF!
252,,SDL FEM YZ570,SANDALE,FEMME,"269,00DH",37---40,BEIGE - MARRON - NOIR,EN TEST,"458,00DH","80,00DH","657,00DH","150,00DH","836,00DH","240,00DH","160,00DH","109,00DH","219,00DH","50,00DH","418,00DH","120,00DH","597,00DH","210,00DH","756,00DH","320,00DH","169,00DH","100,00DH",,,,,,#REF!
253,,SDL FEM YZ571,SANDALE,FEMME,"269,00DH",37---40,BEIGE - MARRON - NOIR,EN TEST,"458,00DH","80,00DH","657,00DH","150,00DH","836,00DH","240,00DH","160,00DH","109,00DH","219,00DH","50,00DH","418,00DH","120,00DH","597,00DH","210,00DH","756,00DH","320,00DH","169,00DH","100,00DH",,,,,,#REF!
254,,SDL FEM YZ497,SANDALE,FEMME,"269,00DH",37---40,marron - beige - noir  - grenat,EN TEST,"458,00DH","80,00DH","657,00DH","150,00DH","836,00DH","240,00DH","160,00DH","109,00DH","219,00DH","50,00DH","418,00DH","120,00DH","597,00DH","210,00DH","756,00DH","320,00DH","169,00DH","100,00DH",,,,,,#REF!
255,,SDL FEM YZ542 CUIRE,SANDALE,FEMME,"249,00DH",37---41,marron - beige - noir - Tabac - sable,EN TEST,"418,00DH","80,00DH","597,00DH","150,00DH","756,00DH","240,00DH","140,00DH","109,00DH","199,00DH","50,00DH","378,00DH","120,00DH","537,00DH","210,00DH","676,00DH","320,00DH","149,00DH","100,00DH",,,,,,#REF!
256,,CHAUSS FEM YZ131,CHAUSSURE,FEMME,"239,00DH",37---41,BEIGE - BLEU MARINE - GRENAT - MARRON - NOIR -  ,EN COUR,"408,00DH","70,00DH","567,00DH","150,00DH","716,00DH","240,00DH","130,00DH","109,00DH","189,00DH","50,00DH","358,00DH","120,00DH","507,00DH","210,00DH","636,00DH","320,00DH","149,00DH","90,00DH",,,,,,#REF!
257,,SDL FEM YZ128,SANDALE,FEMME,"259,00DH",37---41,beige - bleu ciel -  bleu marine -  grenat - marron - noir - rose - vert ,EN TEST,"438,00DH","80,00DH","627,00DH","150,00DH","796,00DH","240,00DH","150,00DH","109,00DH","209,00DH","50,00DH","398,00DH","120,00DH","567,00DH","210,00DH","716,00DH","320,00DH","159,00DH","100,00DH",,,,,,#REF!
258,,SDL FEM YZ127,SANDALE,FEMME,"259,00DH",37---41,beige - blanc - marron - noir,EN TEST,"438,00DH","80,00DH","627,00DH","150,00DH","796,00DH","240,00DH","150,00DH","109,00DH","209,00DH","50,00DH","398,00DH","120,00DH","567,00DH","210,00DH","716,00DH","320,00DH","159,00DH","100,00DH",,,,,,#REF!
259,,SDL FEM YZ129,SANDALE,FEMME,"249,00DH",37---41,bleu - grenat - marron - noir - vert ,EN TEST,"418,00DH","80,00DH","597,00DH","150,00DH","756,00DH","240,00DH","140,00DH","109,00DH","199,00DH","50,00DH","378,00DH","120,00DH","537,00DH","210,00DH","676,00DH","320,00DH","149,00DH","100,00DH",,,,,,#REF!
260,,SDL FEM YZ125,SANDALE,FEMME,"249,00DH",37---41,bleu  - grenat - marron - noir - vert,EN COUR,"418,00DH","80,00DH","597,00DH","150,00DH","756,00DH","240,00DH","140,00DH","109,00DH","199,00DH","50,00DH","378,00DH","120,00DH","537,00DH","210,00DH","676,00DH","320,00DH","149,00DH","100,00DH",,,,,,#REF!
261,,SDL FEM YZ543 CUIR,SANDALE,FEMME,"249,00DH",37---41,marron - beige - noir - Tabac- sable,EN TEST,"418,00DH","80,00DH","597,00DH","150,00DH","756,00DH","240,00DH","140,00DH","109,00DH","199,00DH","50,00DH","378,00DH","120,00DH","537,00DH","210,00DH","676,00DH","320,00DH","149,00DH","100,00DH",,,,,,#REF!
262,,SDL HOM YZ847,SANDALE,HOMME,"299,00DH",40 - 44, MARRON - NOIR,EN COUR,"518,00DH","80,00DH","747,00DH","150,00DH","956,00DH","240,00DH","190,00DH","109,00DH","249,00DH","50,00DH","478,00DH","120,00DH","687,00DH","210,00DH","876,00DH","320,00DH","199,00DH","100,00DH",,,,,,#REF!
263,,SDL HOM YZ845,SANDALE,HOMME,"329,00DH",40 - 44,BLEU MARINE - MARRON - NOIR,EN TEST,"578,00DH","80,00DH","837,00DH","150,00DH","1 076,00DH","240,00DH","220,00DH","109,00DH","279,00DH","50,00DH","538,00DH","120,00DH","777,00DH","210,00DH","996,00DH","320,00DH","229,00DH","100,00DH",,,,,,#REF!
264,,SAC FEM YZ077,SAC,FEMME,"279,00DH",,beige - marron - bleu ciel - grenat - noir - noir marron - rose,EN TEST,"478,00DH","80,00DH","687,00DH","150,00DH","876,00DH","240,00DH","170,00DH","109,00DH","229,00DH","50,00DH","438,00DH","120,00DH","627,00DH","210,00DH","796,00DH","320,00DH","179,00DH","100,00DH",,,,,,#REF!
265,,SAC FEM YZ078,SAC,FEMME,"289,00DH",,beige - blanc - noir,EN TEST,"498,00DH","80,00DH","717,00DH","150,00DH","916,00DH","240,00DH","180,00DH","109,00DH","239,00DH","50,00DH","458,00DH","120,00DH","657,00DH","210,00DH","836,00DH","320,00DH","189,00DH","100,00DH",,,,,,#REF!
266,,SAC FEM YZ079,SAC,FEMME,"179,00DH",,NOIR - HUILE - ROUGE,EN TEST,,,,,,,,,,,,,,,,,,,,,,,,#REF!
267,,ESCA FEM YZ1119,ESCARPINS,FEMME,"249,00DH",37---40,beige - blanc - grenat - noir - tabac,EN TEST,"418,00DH","80,00DH","597,00DH","150,00DH","756,00DH","240,00DH","140,00DH","109,00DH","199,00DH","50,00DH","378,00DH","120,00DH","537,00DH","210,00DH","676,00DH","320,00DH","149,00DH","100,00DH",,,,,,#REF!
268,,ESCA FEM YZ1120,ESCARPINS,FEMME,"249,00DH",37---40,beige - blanc - grenat - noir - tabac,EN TEST,"418,00DH","80,00DH","597,00DH","150,00DH","756,00DH","240,00DH","140,00DH","109,00DH","199,00DH","50,00DH","378,00DH","120,00DH","537,00DH","210,00DH","676,00DH","320,00DH","149,00DH","100,00DH",,,,,,#REF!
269,,SAC FEM YZ080,SAC,FEMME,"179,00DH",,beige - blanc - cuivre - marron - noir,EN TEST,,,,,,,,,,,,,,,,,,,,,,,,
270,,SDL FEM YZ1367,SANDALE,FEMME,"279,00DH",37---40,BEIGE - MARRON - NOIR,EN TEST,,,,,,,,,,,,,,,,,,,,,,,,#REF!
271,,SDL FEM YZ1368,SANDALE,FEMME,"279,00DH",37---40,BEIGE - MARRON - NOIR,EN TEST,,,,,,,,,,,,,,,,,,,,,,,,#REF!
272,,SDL FEM YZ492,SANDALE,FEMME,"299,00DH",36---40,BEIGE - BLEU CIEL - NOIR - ROSE,EN COUR,,,,,,,,,,,,,,,,,,,,,,,,#REF!
273,,SDL FEM YZ1369,SANDALE,FEMME,"265,00DH",37---40,BEIGE - MARRON - NOIR - CUIVRE,EN TEST,,,,,,,,,,,,,,,,,,,,,,,,#REF!
274,,,CHAUSSURE,FEMME,,37---41,,EN TEST,,,,,,,,,,,,,,,,,,,,,,,,
275,,,CHAUSSURE,FEMME,,37---41,,EN TEST,,,,,,,,,,,,,,,,,,,,,,,,
276,,,CHAUSSURE,FEMME,,37---41,,EN TEST,,,,,,,,,,,,,,,,,,,,,,,,
277,,,CHAUSSURE,FEMME,,37---41,,EN TEST,,,,,,,,,,,,,,,,,,,,,,,,
278,,,CHAUSSURE,FEMME,,37---41,,EN TEST,,,,,,,,,,,,,,,,,,,,,,,,
279,,,CHAUSSURE,FEMME,,37---41,,EN TEST,,,,,,,,,,,,,,,,,,,,,,,,
280,,,CHAUSSURE,FEMME,,37---41,,EN TEST,,,,,,,,,,,,,,,,,,,,,,,,
281,,,CHAUSSURE,FEMME,,37---41,,EN TEST,,,,,,,,,,,,,,,,,,,,,,,,
282,,,,,,,,,,,,,,,,,,,,,,,,,,,,,,,,
283,,,,,,,,,,,,,,,,,,,,,,,,,,,,,,,,
284,,,,,,,,,,,,,,,,,,,,,,,,,,,,,,,,
285,,,,,,,,,,,,,,,,,,,,,,,,,,,,,,,,
286,,,,,,,,,,,,,,,,,,,,,,,,,,,,,,,,
287,,,,,,,,,,,,,,,,,,,,,,,,,,,,,,,,
288,,,,,,,,,,,,,,,,,,,,,,,,,,,,,,,,
289,,,,,,,,,,,,,,,,,,,,,,,,,,,,,,,,
290,,,,,,,,,,,,,,,,,,,,,,,,,,,,,,,,
291,,,,,,,,,,,,,,,,,,,,,,,,,,,,,,,,
292,,,,,,,,,,,,,,,,,,,,,,,,,,,,,,,,